<?xml version="1.0"?>
<!--
/**
 * @author Amasty Team
 * @copyright Copyright (c) 2019 Amasty (https://www.amasty.com)
 * @package Amasty_Promo
 */
-->

<config xmlns:xsi="http://www.w3.org/2001/XMLSchema-instance" xsi:noNamespaceSchemaLocation="urn:magento:framework:Module/etc/module.xsd">
    <module name="Amasty_Promo" setup_version="2.4.2">
        <sequence>
            <module name="Magento_Catalog" />
            <module name="Magento_Checkout" />
            <module name="Magento_ConfigurableProduct" />
            <module name="Amasty_Conditions"/>
            <module name="Amasty_BannersLite"/>
        </sequence>
    </module>
</config>
