<config xmlns:xsi="http://www.w3.org/2001/XMLSchema-instance"
        xsi:noNamespaceSchemaLocation="urn:magento:framework:ObjectManager/etc/config.xsd">
    <preference for="Amasty\Conditions\Api\Data\AddressInterface" type="Amasty\Conditions\Model\Address" />
    <preference for="Amasty\Conditions\Api\Negotiable\TotalsInformationManagementInterface" type="Amasty\Conditions\Model\Negotiable\TotalsInformationManagement" />

    <type name="Magento\Quote\Model\Cart\CartTotalRepository">
        <plugin name="Amasty_Conditions::cart_total_repository_get" type="Amasty\Conditions\Plugin\Cart\CartTotalRepository" sortOrder="1" />
    </type>
    <type name="Magento\Framework\Api\DataObjectHelper">
        <plugin name="Amasty_Conditions::dataHelper" type="Amasty\Conditions\Plugin\Framework\Api\DataObjectHelperPlugin" sortOrder="1" />
    </type>
    <type name="Magento\SalesRule\Model\Rule\Condition\Product">
        <!--This plugin can be disabled by Amasty_Rules di, because have same functionality-->
        <plugin name="Amasty_Conditions::AdditionalConditions" type="Amasty\Conditions\Plugin\SalesRule\Condition\ProductPlugin" />
    </type>
    <type name="Temando\Shipping\Observer\SaveCheckoutFieldsObserver">
        <plugin name="Amasty_CashOnDelivery::Temando_Shipping_Observer_SaveCheckoutFieldsObserver" type="Amasty\Conditions\Plugin\Shipping\Observer\SaveCheckoutFieldsObserverPlugin" />
    </type>
</config>