<?xml version="1.0"?>
<!--
/**
 * @author Amasty Team
 * @copyright Copyright (c) 2019 Amasty (https://www.amasty.com)
 * @package Amasty_Conditions
 */
-->
<config xmlns:xsi="http://www.w3.org/2001/XMLSchema-instance" xsi:noNamespaceSchemaLocation="urn:magento:framework:Module/etc/module.xsd">
    <module name="Amasty_Conditions" setup_version="1.0.0">
        <sequence>
            <module name="Magento_Checkout"/>
            <module name="Magento_Reward"/>
            <module name="Magento_SalesRule"/>
            <module name="Magento_CustomerSegment"/>
        </sequence>
    </module>
</config>