<?xml version="1.0"?>
<!--
/**
 * Copyright © Magento, Inc. All rights reserved.
 * See COPYING.txt for license details.
 */
-->
<config xmlns:xsi="http://www.w3.org/2001/XMLSchema-instance"
        xsi:noNamespaceSchemaLocation="urn:magento:framework:Event/etc/events.xsd">
    <event name="checkout_cart_add_product_complete">
        <observer name="Adobe_launch_add_to_cart"
                  instance="Adobe\LaunchCheckout\Observer\CheckoutCartAddProductObserver" />
    </event>
    <event name="sales_quote_remove_item">
        <observer name="Adobe_launch_remove_from_cart"
                  instance="Adobe\LaunchCheckout\Observer\CheckoutCartRemoveProductObserver" />
    </event>
    <event name="checkout_submit_all_after">
        <observer name="Adobe_launch_order_success"
                  instance="Adobe\LaunchCheckout\Observer\CheckoutOnepageControllerSuccessActionObserver" />
    </event>
</config>
