<?xml version="1.0"?>
<!--
/**
 * Copyright © Magento, Inc. All rights reserved.
 * See COPYING.txt for license details.
 */
-->
<config xmlns:xsi="http://www.w3.org/2001/XMLSchema-instance"
        xsi:noNamespaceSchemaLocation="urn:magento:module:Magento_Customer:etc/sections.xsd">
    <action name="checkout/cart/add">
        <section name="launch"/>
    </action>
    <action name="checkout/cart/delete">
        <section name="launch"/>
    </action>
    <action name="checkout/cart/updatePost">
        <section name="launch"/>
    </action>
    <action name="checkout/cart/updateItemOptions">
        <section name="launch"/>
    </action>
    <action name="checkout/cart/couponPost">
        <section name="launch"/>
    </action>
    <action name="checkout/cart/estimatePost">
        <section name="launch"/>
    </action>
    <action name="checkout/cart/estimateUpdatePost">
        <section name="launch"/>
    </action>
    <action name="checkout/onepage/saveOrder">
        <section name="launch"/>
    </action>
    <action name="checkout/sidebar/removeItem">
        <section name="launch"/>
    </action>
    <action name="checkout/sidebar/updateItemQty">
        <section name="launch"/>
    </action>
</config>
