<?xml version="1.0"?>
<!--
/**
 * Mageplaza
 *
 * NOTICE OF LICENSE
 *
 * This source file is subject to the Mageplaza.com license that is
 * available through the world-wide-web at this URL:
 * https://www.mageplaza.com/LICENSE.txt
 *
 * DISCLAIMER
 *
 * Do not edit or add to this file if you wish to upgrade this extension to newer
 * version in the future.
 *
 * @category    Mageplaza
 * @package     Mageplaza_LayeredNavigationUltimate
 * @copyright   Copyright (c) Mageplaza (https://www.mageplaza.com/)
 * @license     https://www.mageplaza.com/LICENSE.txt
 */
-->
<config xmlns:xsi="http://www.w3.org/2001/XMLSchema-instance" xsi:noNamespaceSchemaLocation="urn:magento:module:Magento_Config:etc/system_file.xsd">
    <system>
        <section id="layered_navigation">
            <group id="general" translate="label" showInDefault="1" showInStore="1" showInWebsite="1">
                <field id="display_type" translate="label comment" type="select" sortOrder="75" showInDefault="1" showInWebsite="1" showInStore="1">
                    <label>Show Type</label>
                    <source_model>Mageplaza\LayeredNavigationUltimate\Model\Config\Source\DisplayType</source_model>
                    <comment>Choose attribute display option types.</comment>
                </field>
                <field id="display_size" translate="label comment" type="text" sortOrder="76" showInDefault="1" showInWebsite="1" showInStore="1">
                    <label>Number of options</label>
                    <comment>Number of options in attribute can be display by default. Default '5'</comment>
                    <depends>
                        <field id="display_type">1</field>
                    </depends>
                </field>
                <field id="display_height" translate="label comment" type="text" sortOrder="76" showInDefault="1" showInWebsite="1" showInStore="1">
                    <label>Attribute height</label>
                    <comment>Max height of each attribute in px. Default '200'</comment>
                    <depends>
                        <field id="display_type">3</field>
                    </depends>
                </field>
                <field id="infinite_scroll" translate="label comment" type="select" sortOrder="100" showInDefault="1" showInWebsite="1" showInStore="1">
                    <label>Enable Infinite scroll</label>
                    <source_model>Magento\Config\Model\Config\Source\Yesno</source_model>
                    <comment>If yes, products will auto load when scroll down.</comment>
                </field>
                <field id="show_ln_type" translate="label" type="select" sortOrder="120" showInDefault="1" showInWebsite="1" showInStore="1">
                    <label>Show Navigation</label>
                    <source_model>Mageplaza\LayeredNavigationUltimate\Model\Config\Source\NavigationType</source_model>
                </field>
            </group>
            <group id="filter" translate="label" type="text" sortOrder="30" showInDefault="1" showInWebsite="1" showInStore="1">
                <group id="rating" translate="label" type="text" sortOrder="20" showInDefault="1" showInWebsite="1" showInStore="1">
                    <field id="show_as_slider" type="select" translate="label" showInDefault="1" showInStore="1" showInWebsite="1" sortOrder="30">
                        <label>Show As Slider</label>
                        <source_model>Magento\Config\Model\Config\Source\Yesno</source_model>
                        <depends>
                            <field id="rating_enable">1</field>
                        </depends>
                    </field>
                </group>
            </group>
            <!--<group id="all_products" translate="label" showInDefault="1" showInWebsite="1" showInStore="1" sortOrder="30">-->
            <!--<label>All Products Page</label>-->
            <!--<field id="title" translate="label" type="text" sortOrder="10" showInDefault="1" showInWebsite="1" showInStore="1">-->
            <!--<label>Page Title</label>-->
            <!--</field>-->
            <!--<field id="route" translate="label" type="text" sortOrder="20" showInDefault="1" showInWebsite="1" showInStore="1">-->
            <!--<label>Page Route</label>-->
            <!--<comment>You can custom your all products page route</comment>-->
            <!--</field>-->
            <!--<field id="link_title" translate="label" type="text" sortOrder="30" showInDefault="1" showInWebsite="1" showInStore="1">-->
            <!--<label>Link Title</label>-->
            <!--<comment>Default: 'Products'</comment>-->
            <!--</field>-->
            <!--<field id="show_position" translate="label" type="multiselect" sortOrder="40" showInDefault="1" showInWebsite="1" showInStore="1">-->
            <!--<label>Show Link On</label>-->
            <!--<source_model>Mageplaza\LayeredNavigationUltimate\Model\Config\Source\ProductPosition</source_model>-->
            <!--</field>-->
            <!--</group>-->
            <group id="design" translate="label" type="text" sortOrder="40" showInDefault="1" showInWebsite="1" showInStore="1">
                <label>Design Configuration</label>
                <field id="slider_type" translate="label" type="select" sortOrder="20" showInDefault="1" showInWebsite="1" showInStore="1">
                    <label>Slider Type</label>
                    <source_model>Mageplaza\LayeredNavigationUltimate\Model\Config\Source\SliderType</source_model>
                </field>
                <field id="custom_css" translate="label" sortOrder="100" type="textarea" showInDefault="1" showInWebsite="1" showInStore="1">
                    <label>Custom Css</label>
                    <comment><![CDATA[Example: .step-title{background-color: #1979c3;}]]></comment>
                </field>
            </group>
        </section>
    </system>
</config>
