<?xml version="1.0"?>
<!--
/**
 * Mageplaza
 *
 * NOTICE OF LICENSE
 *
 * This source file is subject to the Mageplaza.com license that is
 * available through the world-wide-web at this URL:
 * https://www.mageplaza.com/LICENSE.txt
 *
 * DISCLAIMER
 *
 * Do not edit or add to this file if you wish to upgrade this extension to newer
 * version in the future.
 *
 * @category    Mageplaza
 * @package     Mageplaza_LayeredNavigationPro
 * @copyright   Copyright (c) Mageplaza (https://www.mageplaza.com/)
 * @license     https://www.mageplaza.com/LICENSE.txt
 */
-->
<config xmlns:xsi="http://www.w3.org/2001/XMLSchema-instance" xsi:noNamespaceSchemaLocation="urn:magento:framework:ObjectManager/etc/config.xsd">
    <preference for="Mageplaza\LayeredNavigation\Helper\Data" type="Mageplaza\LayeredNavigationPro\Helper\Data"/>
    <preference for="Mageplaza\LayeredNavigation\Model\Layer\Filter" type="Mageplaza\LayeredNavigationPro\Model\Layer\Filter"/>
    <preference for="Magento\Catalog\Block\Adminhtml\Product\Attribute\Edit\Form" type="Mageplaza\LayeredNavigationPro\Block\Adminhtml\Product\Attribute\Edit\Form" />
    <virtualType name="categoryFilterList" type="Magento\Catalog\Model\Layer\FilterList">
        <arguments>
            <argument name="filters" xsi:type="array">
                <item name="decimal" xsi:type="string">Mageplaza\LayeredNavigationPro\Model\Layer\Filter\Decimal</item>
            </argument>
        </arguments>
    </virtualType>
    <virtualType name="searchFilterList" type="Magento\Catalog\Model\Layer\FilterList">
        <arguments>
            <argument name="filters" xsi:type="array">
                <item name="decimal" xsi:type="string">Mageplaza\LayeredNavigationPro\Model\Layer\Filter\Decimal</item>
            </argument>
        </arguments>
    </virtualType>
</config>
