<?xml version="1.0"?>
<!--
/**
 * @author Amasty Team
 * @copyright Copyright (c) 2019 Amasty (https://www.amasty.com)
 * @package Amasty_Promo
 */
-->

<config xmlns:xsi="http://www.w3.org/2001/XMLSchema-instance" xsi:noNamespaceSchemaLocation="urn:magento:framework:ObjectManager/etc/config.xsd">
    <type name="Magento\Customer\CustomerData\SectionPoolInterface">
        <arguments>
            <argument name="sectionSourceMap" xsi:type="array">
                <item name="ammessages" xsi:type="string">Amasty\Promo\CustomerData\Messages</item>
            </argument>
        </arguments>
    </type>
    <type name="Magento\Quote\Model\Quote\TotalsCollector">
        <plugin name="AmastyPromo::AutoAdd" type="Amasty\Promo\Plugin\Quote\Model\Quote\TotalsCollectorPlugin"/>
    </type>
</config>