{"item":[{"name":"createBearerToken","event":[{"listen":"test","script":{"id":"d15d23f1-f5de-4b7c-89c1-fbca94ac4128","exec":[""],"type":"text/javascript"}},{"listen":"prerequest","script":{"id":"24fb4e43-694a-413d-93c5-e681a70a05ce","exec":[""],"type":"text/javascript"}}],"request":{"method":"POST","header":[{"key":"Cache-Control","value":"no-cache"},{"key":"Content-Type","value":"application/x-www-form-urlencoded"}],"body":{"mode":"formdata","formdata":[{"key":"client_id","value":"{{ADOBE_IO_CLIENT_ID}}","type":"text"},{"key":"client_secret","value":"{{ADOBE_IO_CLIENT_SECRET}}","type":"text"},{"key":"jwt_token","value":"{{ADOBE_IO_JWT}}","type":"text"}]},"url":{"raw":"https://ims-na1.adobelogin.com/ims/exchange/jwt/","protocol":"https","host":["ims-na1","adobelogin","com"],"path":["ims","exchange","jwt",""]},"description":"Creating token from JWT"},"response":[]},{"name":"getCompanyID","event":[{"listen":"test","script":{"id":"b86c483b-3dce-4fbc-831c-8944c95ac257","exec":[""],"type":"text/javascript"}},{"listen":"prerequest","script":{"id":"2cca60f6-4bb8-4d19-9f53-34cbfc51b16c","exec":[""],"type":"text/javascript"}}],"protocolProfileBehavior":{"disableBodyPruning":true},"request":{"method":"GET","header":[{"key":"Accept","value":"application/vnd.api+json;revision=1"},{"key":"Content-Type","value":"application/vnd.api+json"},{"key":"Authorization","value":"Bearer {{ADOBE_IO_ACCESS_TOKEN}}"},{"key":"x-api-key","value":"Activation-DTM"}],"body":{"mode":"raw","raw":""},"url":{"raw":"https://{{ADOBE_IO_LAUNCH_HOSTNAME}}/companies","protocol":"https","host":["{{ADOBE_IO_LAUNCH_HOSTNAME}}"],"path":["companies"]},"description":"Getting the company ID by matching the Org ID"},"response":[]},{"name":"createProperty","event":[{"listen":"prerequest","script":{"id":"37e94489-fa60-4efe-afce-742e85589af8","exec":[""],"type":"text/javascript"}},{"listen":"test","script":{"id":"4db53c68-d73e-4416-b583-eeab14474668","exec":[""],"type":"text/javascript"}}],"request":{"method":"POST","header":[{"key":"Accept","value":"application/vnd.api+json;revision=1"},{"key":"Content-Type","value":"application/vnd.api+json"},{"key":"Authorization","value":"Bearer {{ADOBE_IO_ACCESS_TOKEN}}"},{"key":"x-api-key","value":"Activation-DTM"}],"body":{"mode":"raw","raw":"{\n  \"data\": {\n    \"attributes\": {\n      \"name\": \"{{LAUNCH_PROPERTY_NAME}}\",\n      \"development\": false,\n      \"domains\": [\n        \"example.com\"\n      ],\n      \"platform\": \"web\"\n    },\n    \"type\": \"properties\"\n  }\n}"},"url":{"raw":"https://{{ADOBE_IO_LAUNCH_HOSTNAME}}/companies/{{LAUNCH_COMPANY_ID}}/properties","protocol":"https","host":["{{ADOBE_IO_LAUNCH_HOSTNAME}}"],"path":["companies","{{LAUNCH_COMPANY_ID}}","properties"]},"description":"Creating Launch property using the company ID"},"response":[]},{"name":"createAdapter","event":[{"listen":"test","script":{"id":"8098183f-1449-4801-a881-7b55090b12a8","exec":[""],"type":"text/javascript"}},{"listen":"prerequest","script":{"id":"82f36cf2-34a1-4a3a-9ebc-a056fb91773a","exec":[""],"type":"text/javascript"}}],"request":{"method":"POST","header":[{"key":"Accept","value":"application/vnd.api+json;revision=1"},{"key":"Content-Type","value":"application/vnd.api+json"},{"key":"Authorization","value":"Bearer {{ADOBE_IO_ACCESS_TOKEN}}"},{"key":"x-api-key","value":"Activation-DTM"}],"body":{"mode":"raw","raw":"{\n    \"data\": {\n        \"attributes\": {\n            \"name\": \"Managed by Adobe\",\n            \"type_of\": \"akamai\"\n        },\n        \"type\": \"hosts\"\n    }\n}"},"url":{"raw":"https://{{ADOBE_IO_LAUNCH_HOSTNAME}}/properties/{{LAUNCH_PROPERTY_ID}}/hosts","protocol":"https","host":["{{ADOBE_IO_LAUNCH_HOSTNAME}}"],"path":["properties","{{LAUNCH_PROPERTY_ID}}","hosts"]},"description":"Creating adapter"},"response":[]},{"name":"createDevEnvironment","event":[{"listen":"test","script":{"id":"d040c782-0e58-4505-9049-d7a67cece23f","exec":[""],"type":"text/javascript"}},{"listen":"prerequest","script":{"id":"eb5bedca-203c-4603-9b1d-50cd4e1bd6a1","exec":[""],"type":"text/javascript"}}],"request":{"method":"POST","header":[{"key":"Accept","value":"application/vnd.api+json;revision=1"},{"key":"Content-Type","value":"application/vnd.api+json"},{"key":"Authorization","value":"Bearer {{ADOBE_IO_ACCESS_TOKEN}}"},{"key":"x-api-key","value":"Activation-DTM"}],"body":{"mode":"raw","raw":"{\n  \"data\": {\n    \"attributes\": {\n      \"name\": \"Development\",\n      \"stage\": \"development\"\n    },\n    \"relationships\": {\n      \"host\": {\n        \"data\": {\n          \"id\": \"{{LAUNCH_ADAPTER_ID}}\",\n          \"type\": \"hosts\"\n        }\n      }\n    },\n    \"type\": \"environments\"\n  }\n}"},"url":{"raw":"https://{{ADOBE_IO_LAUNCH_HOSTNAME}}/properties/{{LAUNCH_PROPERTY_ID}}/environments","protocol":"https","host":["{{ADOBE_IO_LAUNCH_HOSTNAME}}"],"path":["properties","{{LAUNCH_PROPERTY_ID}}","environments"]},"description":"Creating dev environment"},"response":[]},{"name":"createStageEnvironment","event":[{"listen":"test","script":{"id":"c7cb27b5-e7c8-4eca-a670-a067585c9cd9","exec":[""],"type":"text/javascript"}},{"listen":"prerequest","script":{"id":"a49040dc-9e16-4105-b188-44c8b73a27a1","exec":[""],"type":"text/javascript"}}],"request":{"method":"POST","header":[{"key":"Accept","value":"application/vnd.api+json;revision=1"},{"key":"Content-Type","value":"application/vnd.api+json"},{"key":"Authorization","value":"Bearer {{ADOBE_IO_ACCESS_TOKEN}}"},{"key":"x-api-key","value":"Activation-DTM"}],"body":{"mode":"raw","raw":"{\n  \"data\": {\n    \"attributes\": {\n\t    \"name\": \"Staging\", \n\t    \"stage\": \"staging\", \n\t    \"archive\": false, \n\t    \"path\" : \"\"\n    },\n    \"relationships\": {\n      \"host\": {\n        \"data\": {\n          \"id\": \"{{LAUNCH_ADAPTER_ID}}\",\n          \"type\": \"hosts\"\n        }\n      }\n    },\n    \"type\": \"environments\"\n  }\n}"},"url":{"raw":"https://{{ADOBE_IO_LAUNCH_HOSTNAME}}/properties/{{LAUNCH_PROPERTY_ID}}/environments","protocol":"https","host":["{{ADOBE_IO_LAUNCH_HOSTNAME}}"],"path":["properties","{{LAUNCH_PROPERTY_ID}}","environments"]},"description":"Creating stage environment"},"response":[]},{"name":"createProdEnvironment","event":[{"listen":"test","script":{"id":"684dd197-60b1-40df-ab89-5bcc493c42c2","exec":[""],"type":"text/javascript"}},{"listen":"prerequest","script":{"id":"ca56136a-5c28-49b8-bb61-84f8e8b0ce71","exec":[""],"type":"text/javascript"}}],"request":{"method":"POST","header":[{"key":"Accept","value":"application/vnd.api+json;revision=1"},{"key":"Content-Type","value":"application/vnd.api+json"},{"key":"Authorization","value":"Bearer {{ADOBE_IO_ACCESS_TOKEN}}"},{"key":"x-api-key","value":"Activation-DTM"}],"body":{"mode":"raw","raw":"{\n  \"data\": {\n    \"attributes\": {\n\t    \"name\": \"Production\", \n\t    \"stage\": \"production\", \n\t    \"archive\": false, \n\t    \"path\" : \"\"\n    },\n    \"relationships\": {\n      \"host\": {\n        \"data\": {\n          \"id\": \"{{LAUNCH_ADAPTER_ID}}\",\n          \"type\": \"hosts\"\n        }\n      }\n    },\n    \"type\": \"environments\"\n  }\n}"},"url":{"raw":"https://{{ADOBE_IO_LAUNCH_HOSTNAME}}/properties/{{LAUNCH_PROPERTY_ID}}/environments","protocol":"https","host":["{{ADOBE_IO_LAUNCH_HOSTNAME}}"],"path":["properties","{{LAUNCH_PROPERTY_ID}}","environments"]},"description":"Creating prod environment"},"response":[]},{"name":"createLibrary","event":[{"listen":"test","script":{"id":"5c266d3f-5e47-4244-978d-9f99235a1db6","exec":[""],"type":"text/javascript"}},{"listen":"prerequest","script":{"id":"691943e1-b433-48af-acdd-14916eb1418f","exec":[""],"type":"text/javascript"}}],"request":{"method":"POST","header":[{"key":"Accept","value":"application/vnd.api+json;revision=1"},{"key":"Content-Type","value":"application/vnd.api+json"},{"key":"Authorization","value":"Bearer {{ADOBE_IO_ACCESS_TOKEN}}"},{"key":"x-api-key","value":"Activation-DTM"}],"body":{"mode":"raw","raw":"{\n  \"data\": {\n    \"attributes\": {\n      \"name\": \"Initial Config\"\n    },\n    \"type\": \"libraries\"\n  }\n}"},"url":{"raw":"https://{{ADOBE_IO_LAUNCH_HOSTNAME}}/properties/{{LAUNCH_PROPERTY_ID}}/libraries","protocol":"https","host":["{{ADOBE_IO_LAUNCH_HOSTNAME}}"],"path":["properties","{{LAUNCH_PROPERTY_ID}}","libraries"]},"description":"Creating library"},"response":[]},{"name":"setLibraryEnvironmentToDev","event":[{"listen":"test","script":{"id":"7d4a6d92-2722-40f3-9198-6f1d6cf997e8","exec":[""],"type":"text/javascript"}},{"listen":"prerequest","script":{"id":"4766d9e9-96ea-4bbc-912b-0a04484225aa","exec":[""],"type":"text/javascript"}}],"request":{"method":"POST","header":[{"key":"Accept","value":"application/vnd.api+json;revision=1"},{"key":"Content-Type","value":"application/vnd.api+json"},{"key":"Authorization","value":"Bearer {{ADOBE_IO_ACCESS_TOKEN}}"},{"key":"x-api-key","value":"Activation-DTM"}],"body":{"mode":"raw","raw":"{\n  \"data\": {\n    \"id\": \"{{LAUNCH_ENV_ID_DEV}}\",\n    \"type\": \"environments\"\n  }\n}"},"url":{"raw":"https://{{ADOBE_IO_LAUNCH_HOSTNAME}}/libraries/{{LAUNCH_LIB_ID_CONFIG}}/relationships/environment","protocol":"https","host":["{{ADOBE_IO_LAUNCH_HOSTNAME}}"],"path":["libraries","{{LAUNCH_LIB_ID_CONFIG}}","relationships","environment"]},"description":"Setting the library to dev"},"response":[]},{"name":"getExtensionPackageIDs","event":[{"listen":"test","script":{"id":"61929d51-0434-4ca7-8714-960d55cc8772","exec":[""],"type":"text/javascript"}},{"listen":"prerequest","script":{"id":"06386085-9407-4bc4-b5ed-20ea4a07871d","exec":[""],"type":"text/javascript"}}],"protocolProfileBehavior":{"disableBodyPruning":true},"request":{"method":"GET","header":[{"key":"Accept","value":"application/vnd.api+json;revision=1"},{"key":"Content-Type","value":"application/vnd.api+json"},{"key":"Authorization","value":"Bearer {{ADOBE_IO_ACCESS_TOKEN}}"},{"key":"x-api-key","value":"Activation-DTM"}],"body":{"mode":"raw","raw":""},"url":{"raw":"https://{{ADOBE_IO_LAUNCH_HOSTNAME}}/extension_packages?page[size]=999&sort=display_name&filter[platform]=EQ%20web,EQ%20null&max_availability=public","protocol":"https","host":["{{ADOBE_IO_LAUNCH_HOSTNAME}}"],"path":["extension_packages"],"query":[{"key":"page[size]","value":"999"},{"key":"sort","value":"display_name"},{"key":"filter[platform]","value":"EQ%20web,EQ%20null"},{"key":"max_availability","value":"public"}]},"description":"Getting the package IDs"},"response":[]},{"name":"getCoreExtensionID","event":[{"listen":"test","script":{"id":"97a35005-8877-4f74-829f-0646130bec36","exec":[""],"type":"text/javascript"}},{"listen":"prerequest","script":{"id":"711090aa-e0d2-4319-83d9-38dd8a4cb9a3","exec":[""],"type":"text/javascript"}}],"protocolProfileBehavior":{"disableBodyPruning":true},"request":{"method":"GET","header":[{"key":"Accept","value":"application/vnd.api+json;revision=1"},{"key":"Content-Type","value":"application/vnd.api+json"},{"key":"Authorization","value":"Bearer {{ADOBE_IO_ACCESS_TOKEN}}"},{"key":"x-api-key","value":"Activation-DTM"}],"body":{"mode":"raw","raw":""},"url":{"raw":"https://{{ADOBE_IO_LAUNCH_HOSTNAME}}/properties/{{LAUNCH_PROPERTY_ID}}/extensions","protocol":"https","host":["{{ADOBE_IO_LAUNCH_HOSTNAME}}"],"path":["properties","{{LAUNCH_PROPERTY_ID}}","extensions"]},"description":"Getting the extension IDs"},"response":[]},{"name":"createAAExtension","event":[{"listen":"test","script":{"id":"52c79cd3-a6ce-4088-a268-372acf0bbbe5","exec":[""],"type":"text/javascript"}},{"listen":"prerequest","script":{"id":"81800ca8-97dc-4474-b1f3-b01c84d7de58","exec":[""],"type":"text/javascript"}}],"request":{"method":"POST","header":[{"key":"Accept","value":"application/vnd.api+json;revision=1"},{"key":"Content-Type","value":"application/vnd.api+json"},{"key":"Authorization","value":"Bearer {{ADOBE_IO_ACCESS_TOKEN}}"},{"key":"x-api-key","value":"Activation-DTM"}],"body":{"mode":"raw","raw":"{\n  \"data\": {\n    \"type\": \"extensions\",\n    \"attributes\": {\n      \"delegate_descriptor_id\": \"adobe-analytics::extensionConfiguration::config\",\n      \"revision\": false,\n      \"settings\": \"{\\\"orgId\\\":\\\"{{ADOBE_EC_ORG_ID}}\\\",\\\"libraryCode\\\":{\\\"type\\\":\\\"managed\\\",\\\"accounts\\\":{\\\"production\\\":[\\\"{{AA_RS_PROD}}\\\"],\\\"staging\\\":[\\\"{{AA_RS_STAGE}}\\\"],\\\"development\\\":[\\\"{{AA_RS_DEV}}\\\"]}},\\\"trackerProperties\\\":{\\\"charSet\\\":\\\"UTF-8\\\",\\\"trackingServer\\\":\\\"change_me.sc.omtrdc.net\\\",\\\"trackInlineStats\\\":true,\\\"trackDownloadLinks\\\":false,\\\"trackExternalLinks\\\":true,\\\"currencyCode\\\":\\\"USD\\\",\\\"linkInternalFilters\\\":[\\\"%location.hostname%\\\"]}}\"\n    },\n    \"relationships\": {\n      \"extension_package\": {\n        \"data\": {\n          \"id\": \"{{LAUNCH_EXT_PACKAGE_ID_ADOBE_ANALYTICS}}\",\n          \"type\": \"extension_packages\"\n        }\n      }\n    }\n  }\n}"},"url":{"raw":"https://{{ADOBE_IO_LAUNCH_HOSTNAME}}/properties/{{LAUNCH_PROPERTY_ID}}/extensions","protocol":"https","host":["{{ADOBE_IO_LAUNCH_HOSTNAME}}"],"path":["properties","{{LAUNCH_PROPERTY_ID}}","extensions"]},"description":"Creating Adobe Analytics extension"},"response":[]},{"name":"createECIDExtension","event":[{"listen":"prerequest","script":{"id":"3ec414cc-a09f-4586-8f38-c5bd0b51a981","exec":[""],"type":"text/javascript"}},{"listen":"test","script":{"id":"aeacd899-d70d-4ecc-a340-1c463a4358ad","exec":[""],"type":"text/javascript"}}],"request":{"method":"POST","header":[{"key":"Accept","value":"application/vnd.api+json;revision=1"},{"key":"Content-Type","value":"application/vnd.api+json"},{"key":"Authorization","value":"Bearer {{ADOBE_IO_ACCESS_TOKEN}}"},{"key":"x-api-key","value":"Activation-DTM"}],"body":{"mode":"raw","raw":"{\n  \"data\": {\n    \"type\": \"extensions\",\n    \"attributes\": {\n      \"delegate_descriptor_id\": \"adobe-mcid::extensionConfiguration::config\",\n      \"revision\": false,\n      \"settings\": \"{\\\"orgId\\\":\\\"{{ADOBE_EC_ORG_ID}}\\\"}\"\n    },\n    \"relationships\": {\n      \"extension_package\": {\n        \"data\": {\n          \"id\": \"{{LAUNCH_EXT_PACKAGE_ID_ADOBE_EXPERIENCE_CLOUD}}\",\n          \"type\": \"extension_packages\"\n        }\n      }\n    }\n  }\n}"},"url":{"raw":"https://{{ADOBE_IO_LAUNCH_HOSTNAME}}/properties/{{LAUNCH_PROPERTY_ID}}/extensions","protocol":"https","host":["{{ADOBE_IO_LAUNCH_HOSTNAME}}"],"path":["properties","{{LAUNCH_PROPERTY_ID}}","extensions"]},"description":"Creating ECID extension"},"response":[]},{"name":"createConstantDataElementExtension","event":[{"listen":"prerequest","script":{"id":"3ec414cc-a09f-4586-8f38-c5bd0b51a981","exec":[""],"type":"text/javascript"}},{"listen":"test","script":{"id":"aeacd899-d70d-4ecc-a340-1c463a4358ad","exec":[""],"type":"text/javascript"}}],"request":{"method":"POST","header":[{"key":"Accept","value":"application/vnd.api+json;revision=1"},{"key":"Content-Type","value":"application/vnd.api+json"},{"key":"Authorization","value":"Bearer {{ADOBE_IO_ACCESS_TOKEN}}"},{"key":"x-api-key","value":"Activation-DTM"}],"body":{"mode":"raw","raw":"{\n  \"data\": {\n    \"type\": \"extensions\",\n    \"attributes\": {},\n    \"relationships\": {\n      \"extension_package\": {\n        \"data\": {\n          \"id\": \"{{LAUNCH_EXT_PACKAGE_ID_CONSTANT_DATA_ELEMENT}}\",\n          \"type\": \"extension_packages\"\n        }\n      }\n    }\n  }\n}"},"url":{"raw":"https://{{ADOBE_IO_LAUNCH_HOSTNAME}}/properties/{{LAUNCH_PROPERTY_ID}}/extensions","protocol":"https","host":["{{ADOBE_IO_LAUNCH_HOSTNAME}}"],"path":["properties","{{LAUNCH_PROPERTY_ID}}","extensions"]},"description":"Creating Constant Element extension"},"response":[]},{"name":"getTargetClientCode","event":[{"listen":"test","script":{"id":"3edf7b73-fe0b-4576-9a9c-4daf91742f7a","exec":[""],"type":"text/javascript"}},{"listen":"prerequest","script":{"id":"5c1e009b-081d-4515-bede-05936f309777","exec":[""],"type":"text/javascript"}}],"request":{"method":"POST","header":[{"key":"Content-Type","value":"application/vnd.api+json"},{"key":"Accept-Encoding","value":"gzip, deflate, br"}],"body":{"mode":"raw","raw":"{\"accessToken\":\"{{ADOBE_IO_ACCESS_TOKEN}}\",\"imsOrgId\":\"{{ADOBE_EC_ORG_ID}}\"}"},"url":{"raw":"https://trace.testandtarget.omniture.com/v1/settings","protocol":"https","host":["trace","testandtarget","omniture","com"],"path":["v1","settings"]},"description":"Getting Target code"},"response":[]},{"name":"createTargetExtension","event":[{"listen":"test","script":{"id":"e44bb1ad-c5a1-440f-bb48-c3f3a9ae2fc8","exec":[""],"type":"text/javascript"}},{"listen":"prerequest","script":{"id":"e6e1e18b-fae2-401f-b225-13250f87a4f9","exec":[""],"type":"text/javascript"}}],"request":{"method":"POST","header":[{"key":"Accept","value":"application/vnd.api+json;revision=1"},{"key":"Content-Type","value":"application/vnd.api+json"},{"key":"Authorization","value":"Bearer {{ADOBE_IO_ACCESS_TOKEN}}"},{"key":"x-api-key","value":"Activation-DTM"}],"body":{"mode":"raw","raw":"{\n  \"data\": {\n    \"type\": \"extensions\",\n    \"attributes\": {\n      \"delegate_descriptor_id\": \"adobe-target::extensionConfiguration::config\",\n      \"revision\": false,\n      \"settings\": \"{\\\"targetSettings\\\":{\\\"clientCode\\\":\\\"{{TARGET_CLIENT_CODE}}\\\",\\\"imsOrgId\\\":\\\"{{ADOBE_EC_ORG_ID}}\\\",\\\"serverDomain\\\":\\\"{{TARGET_CLIENT_CODE}}.tt.omtrdc.net\\\",\\\"crossDomain\\\":\\\"disabled\\\",\\\"timeout\\\":3000,\\\"globalMboxName\\\":\\\"{{TARGET_GLOBAL_MBOX}}\\\",\\\"version\\\":\\\"1.6.0\\\",\\\"enabled\\\":true,\\\"defaultContentHiddenStyle\\\":\\\"visibility: hidden;\\\",\\\"defaultContentVisibleStyle\\\":\\\"visibility: visible;\\\",\\\"bodyHiddenStyle\\\":\\\"body {opacity: 0}\\\",\\\"bodyHidingEnabled\\\":true,\\\"deviceIdLifetime\\\":63244800000,\\\"sessionIdLifetime\\\":1860000,\\\"selectorsPollingTimeout\\\":5000,\\\"visitorApiTimeout\\\":2000,\\\"overrideMboxEdgeServer\\\":false,\\\"overrideMboxEdgeServerTimeout\\\":1860000,\\\"optoutEnabled\\\":true,\\\"secureOnly\\\":false,\\\"supplementalDataIdParamTimeout\\\":30,\\\"authoringScriptUrl\\\":\\\"//cdn.tt.omtrdc.net/cdn/target-vec.js\\\",\\\"urlSizeLimit\\\":2048}}\"\n    },\n    \"relationships\": {\n      \"extension_package\": {\n        \"data\": {\n          \"id\": \"{{LAUNCH_EXT_PACKAGE_ID_ADOBE_TARGET}}\",\n          \"type\": \"extension_packages\"\n        }\n      }\n    }\n  }\n}"},"url":{"raw":"https://{{ADOBE_IO_LAUNCH_HOSTNAME}}/properties/{{LAUNCH_PROPERTY_ID}}/extensions","protocol":"https","host":["{{ADOBE_IO_LAUNCH_HOSTNAME}}"],"path":["properties","{{LAUNCH_PROPERTY_ID}}","extensions"]},"description":"Creating Target extension"},"response":[]},{"name":"createSDIToolkitExtension","event":[{"listen":"test","script":{"id":"56873aff-6403-47e8-b52f-c28e1022c5a4","exec":[""],"type":"text/javascript"}},{"listen":"prerequest","script":{"id":"6182e50e-33c1-439c-a2b1-6e635586df00","exec":[""],"type":"text/javascript"}}],"request":{"method":"POST","header":[{"key":"Accept","value":"application/vnd.api+json;revision=1"},{"key":"Content-Type","value":"application/vnd.api+json"},{"key":"Authorization","value":"Bearer {{ADOBE_IO_ACCESS_TOKEN}}"},{"key":"x-api-key","value":"Activation-DTM"}],"body":{"mode":"raw","raw":"{\n  \"data\": {\n    \"type\": \"extensions\",\n    \"attributes\": {\n      \"delegate_descriptor_id\": \"sdi-toolkit::extensionConfiguration::config\",\n      \"revision\": false,\n      \"settings\": \"{}\"\n    },\n    \"relationships\": {\n      \"extension_package\": {\n        \"data\": {\n          \"id\": \"{{LAUNCH_EXT_PACKAGE_ID_SDI_TOOLKIT}}\",\n          \"type\": \"extension_packages\"\n        }\n      }\n    }\n  }\n}"},"url":{"raw":"https://{{ADOBE_IO_LAUNCH_HOSTNAME}}/properties/{{LAUNCH_PROPERTY_ID}}/extensions","protocol":"https","host":["{{ADOBE_IO_LAUNCH_HOSTNAME}}"],"path":["properties","{{LAUNCH_PROPERTY_ID}}","extensions"]},"description":"Creating toolkit extension"},"response":[]},{"name":"createSDIProductStringExtension","event":[{"listen":"test","script":{"id":"842e663f-52cf-44c7-b248-aee77f9aa4a9","exec":[""],"type":"text/javascript"}},{"listen":"prerequest","script":{"id":"44dddb45-2c4e-408b-b6cf-c6f386b02b7a","exec":[""],"type":"text/javascript"}}],"request":{"method":"POST","header":[{"key":"Accept","value":"application/vnd.api+json;revision=1"},{"key":"Content-Type","value":"application/vnd.api+json"},{"key":"Authorization","value":"Bearer {{ADOBE_IO_ACCESS_TOKEN}}"},{"key":"x-api-key","value":"Activation-DTM"}],"body":{"mode":"raw","raw":"{\n  \"data\": {\n    \"type\": \"extensions\",\n    \"attributes\": {\n      \"delegate_descriptor_id\": \"aa-product-string-search-discovery::extensionConfiguration::config\",\n      \"revision\": false,\n      \"settings\": \"{}\"\n    },\n    \"relationships\": {\n      \"extension_package\": {\n        \"data\": {\n          \"id\": \"{{LAUNCH_EXT_PACKAGE_ID_SDI_PRODUCT_STR}}\",\n          \"type\": \"extension_packages\"\n        }\n      }\n    }\n  }\n}"},"url":{"raw":"https://{{ADOBE_IO_LAUNCH_HOSTNAME}}/properties/{{LAUNCH_PROPERTY_ID}}/extensions","protocol":"https","host":["{{ADOBE_IO_LAUNCH_HOSTNAME}}"],"path":["properties","{{LAUNCH_PROPERTY_ID}}","extensions"]},"description":"Creating product string extension"},"response":[]},{"name":"createSDIDataLayerManagerExtension","event":[{"listen":"test","script":{"id":"842e663f-52cf-44c7-b248-aee77f9aa4a9","exec":[""],"type":"text/javascript"}},{"listen":"prerequest","script":{"id":"44dddb45-2c4e-408b-b6cf-c6f386b02b7a","exec":[""],"type":"text/javascript"}}],"request":{"method":"POST","header":[{"key":"Accept","value":"application/vnd.api+json;revision=1"},{"key":"Content-Type","value":"application/vnd.api+json"},{"key":"Authorization","value":"Bearer {{ADOBE_IO_ACCESS_TOKEN}}"},{"key":"x-api-key","value":"Activation-DTM"}],"body":{"mode":"raw","raw":"{\n  \"data\": {\n    \"type\": \"extensions\",\n    \"attributes\": {\n      \"delegate_descriptor_id\": \"data-layer-manager-search-discovery::extensionConfiguration::config\",\n      \"settings\": \"{\\\"dataLayerObjectName\\\":\\\"{{DATA_LAYER_OBJECT_NAME}}\\\",\\\"eventNames\\\":[{\\\"eventName\\\":\\\"Cart Viewed\\\",\\\"resetBefore\\\":false,\\\"validationSchema\\\":{}},{\\\"eventName\\\":\\\"Listing Viewed\\\",\\\"resetBefore\\\":false,\\\"validationSchema\\\":{}},{\\\"eventName\\\":\\\"Order Placed\\\",\\\"resetBefore\\\":false,\\\"validationSchema\\\":{}},{\\\"eventName\\\":\\\"Page Loaded\\\",\\\"resetBefore\\\":false,\\\"validationSchema\\\":{}},{\\\"eventName\\\":\\\"Product Added\\\",\\\"resetBefore\\\":false,\\\"validationSchema\\\":{}},{\\\"eventName\\\":\\\"Product Removed\\\",\\\"resetBefore\\\":false,\\\"validationSchema\\\":{}},{\\\"eventName\\\":\\\"Product Viewed\\\",\\\"resetBefore\\\":false,\\\"validationSchema\\\":{}},{\\\"eventName\\\":\\\"User Registered\\\",\\\"resetBefore\\\":false,\\\"validationSchema\\\":{}},{\\\"eventName\\\":\\\"User Signed In\\\",\\\"resetBefore\\\":false,\\\"validationSchema\\\":{}}]}\"\n    },\n    \"relationships\": {\n      \"extension_package\": {\n        \"data\": {\n          \"id\": \"{{LAUNCH_EXT_PACKAGE_ID_SDI_DATALAYER_MGR}}\",\n          \"type\": \"extension_packages\"\n        }\n      }\n    }\n  }\n}"},"url":{"raw":"https://{{ADOBE_IO_LAUNCH_HOSTNAME}}/properties/{{LAUNCH_PROPERTY_ID}}/extensions","protocol":"https","host":["{{ADOBE_IO_LAUNCH_HOSTNAME}}"],"path":["properties","{{LAUNCH_PROPERTY_ID}}","extensions"]},"description":"Creating data layer extension"},"response":[]},{"name":"createDataElement","event":[{"listen":"test","script":{"id":"4c7ad78b-4d88-4210-a8f6-8547fb78be47","exec":[""],"type":"text/javascript"}},{"listen":"prerequest","script":{"id":"9f55c0a7-87d4-472c-afc4-ba50ab72a911","exec":[""],"type":"text/javascript"}}],"request":{"method":"POST","header":[{"key":"Accept","value":"application/vnd.api+json;revision=1"},{"key":"Content-Type","value":"application/vnd.api+json"},{"key":"Authorization","value":"Bearer {{ADOBE_IO_ACCESS_TOKEN}}"},{"key":"x-api-key","value":"Activation-DTM"}],"body":{"mode":"raw","raw":"{\n  \"data\": {\n    \"attributes\": {\n      \"name\": \"{{Launch_DataElement_name}}\",\n      \"default_value\": \"{{Launch_DataElement_default_value}}\",\n      \"force_lower_case\": {{Launch_DataElement_force_lower_case}},\n      \"clean_text\": {{Launch_DataElement_clean_text}},\n      \"storage_duration\": null,\n      \"delegate_descriptor_id\": \"{{Launch_DataElement_delegate_descriptor_id}}\",\n      \"settings\": {{Launch_DataElement_settings}},\n      \"revision\": false,\n      \"extension_id\": \"{{Launch_DataElement_extension_id}}\",\n      \"order\": 0\n    },\n    \"relationships\": {\n      \"extension\": {\n        \"data\": {\n          \"id\": \"{{Launch_DataElement_extension_id}}\",\n          \"type\": \"extensions\"\n        }\n      }\n    },\n    \"meta\": {},\n    \"links\": {},\n    \"type\": \"data_elements\"\n  }\n}"},"url":{"raw":"https://{{ADOBE_IO_LAUNCH_HOSTNAME}}/properties/{{LAUNCH_PROPERTY_ID}}/data_elements","protocol":"https","host":["{{ADOBE_IO_LAUNCH_HOSTNAME}}"],"path":["properties","{{LAUNCH_PROPERTY_ID}}","data_elements"]},"description":"Creating data elements"},"response":[]},{"name":"createRule","event":[{"listen":"test","script":{"id":"403cc677-fb8b-47de-893d-2444ed91e9e5","exec":[""],"type":"text/javascript"}},{"listen":"prerequest","script":{"id":"d7228cf1-4624-4887-ba6f-96f5d5922db6","exec":[""],"type":"text/javascript"}}],"request":{"method":"POST","header":[{"key":"Accept","value":"application/vnd.api+json;revision=1"},{"key":"Content-Type","value":"application/vnd.api+json"},{"key":"Authorization","value":"Bearer {{ADOBE_IO_ACCESS_TOKEN}}"},{"key":"x-api-key","value":"Activation-DTM"}],"body":{"mode":"raw","raw":"{\n  \"data\": {\n    \"attributes\": {\n      \"name\": \"{{Launch_Rule_name}}\"\n    },\n    \"type\": \"rules\"\n  }\n}"},"url":{"raw":"https://{{ADOBE_IO_LAUNCH_HOSTNAME}}/properties/{{LAUNCH_PROPERTY_ID}}/rules","protocol":"https","host":["{{ADOBE_IO_LAUNCH_HOSTNAME}}"],"path":["properties","{{LAUNCH_PROPERTY_ID}}","rules"]},"description":"Creating rules"},"response":[]},{"name":"createRuleComponent","event":[{"listen":"test","script":{"id":"4365306f-4710-4623-bae3-0789aceba0ad","exec":[""],"type":"text/javascript"}},{"listen":"prerequest","script":{"id":"f5e0cbb2-fd50-4715-b7a5-e8c50ca711aa","exec":[""],"type":"text/javascript"}}],"request":{"method":"POST","header":[{"key":"Accept","value":"application/vnd.api+json;revision=1"},{"key":"Content-Type","value":"application/vnd.api+json"},{"key":"Authorization","value":"Bearer {{ADOBE_IO_ACCESS_TOKEN}}"},{"key":"x-api-key","value":"Activation-DTM"}],"body":{"mode":"raw","raw":"{\n  \"data\": {\n    \"type\": \"rule_components\",\n    \"attributes\": {\n      \"settings\": {{Rule_Component_settings}},\n      \"delegate_descriptor_id\": \"{{Rule_Component_delegate_descriptor_id}}\",\n      \"name\": \"{{Rule_Component_name}}\",\n      \"order\": {{Rule_Component_order}}\n    },\n    \"relationships\": {\n      \"extension\": {\n        \"data\": {\n          \"id\": \"{{Rule_Component_extension_id}}\",\n          \"type\": \"extensions\"\n        }\n      },\n      \"rules\":{\n    \t\"data\": [\n\t\t\t{\n\t\t\t\t\"id\": \"{{Launch_Rule_id}}\",\n\t\t\t\t\"type\": \"rules\"\n\t\t\t}\n    \t]\n      }\n    }\n  }\n}"},"url":{"raw":"https://{{ADOBE_IO_LAUNCH_HOSTNAME}}/properties/{{LAUNCH_PROPERTY_ID}}/rule_components","protocol":"https","host":["{{ADOBE_IO_LAUNCH_HOSTNAME}}"],"path":["properties","{{LAUNCH_PROPERTY_ID}}","rule_components"]},"description":"Creating rule components"},"response":[]},{"name":"getUnpublishedRules","event":[{"listen":"test","script":{"id":"61929d51-0434-4ca7-8714-960d55cc8772","exec":[""],"type":"text/javascript"}},{"listen":"prerequest","script":{"id":"06386085-9407-4bc4-b5ed-20ea4a07871d","exec":[""],"type":"text/javascript"}}],"protocolProfileBehavior":{"disableBodyPruning":true},"request":{"method":"GET","header":[{"key":"Accept","value":"application/vnd.api+json;revision=1"},{"key":"Content-Type","value":"application/vnd.api+json"},{"key":"Authorization","value":"Bearer {{ADOBE_IO_ACCESS_TOKEN}}"},{"key":"x-api-key","value":"Activation-DTM"}],"body":{"mode":"raw","raw":""},"url":{"raw":"https://{{ADOBE_IO_LAUNCH_HOSTNAME}}/properties/{{LAUNCH_PROPERTY_ID}}/rules?page[size]=999&filter[published]=EQ%20false","protocol":"https","host":["{{ADOBE_IO_LAUNCH_HOSTNAME}}"],"path":["properties","{{LAUNCH_PROPERTY_ID}}","rules"],"query":[{"key":"page[size]","value":"999"},{"key":"filter[published]","value":"EQ%20false"}]},"description":"Getting unpublished resources"},"response":[]},{"name":"getUnpublishedDataElements","event":[{"listen":"test","script":{"id":"61929d51-0434-4ca7-8714-960d55cc8772","exec":[""],"type":"text/javascript"}},{"listen":"prerequest","script":{"id":"06386085-9407-4bc4-b5ed-20ea4a07871d","exec":[""],"type":"text/javascript"}}],"protocolProfileBehavior":{"disableBodyPruning":true},"request":{"method":"GET","header":[{"key":"Accept","value":"application/vnd.api+json;revision=1"},{"key":"Content-Type","value":"application/vnd.api+json"},{"key":"Authorization","value":"Bearer {{ADOBE_IO_ACCESS_TOKEN}}"},{"key":"x-api-key","value":"Activation-DTM"}],"body":{"mode":"raw","raw":""},"url":{"raw":"https://{{ADOBE_IO_LAUNCH_HOSTNAME}}/properties/{{LAUNCH_PROPERTY_ID}}/data_elements?page[size]=999&filter[published]=EQ%20false","protocol":"https","host":["{{ADOBE_IO_LAUNCH_HOSTNAME}}"],"path":["properties","{{LAUNCH_PROPERTY_ID}}","data_elements"],"query":[{"key":"page[size]","value":"999"},{"key":"filter[published]","value":"EQ%20false"}]},"description":"Getting unpublished resources"},"response":[]},{"name":"getUnpublishedDataExtensions","event":[{"listen":"test","script":{"id":"61929d51-0434-4ca7-8714-960d55cc8772","exec":[""],"type":"text/javascript"}},{"listen":"prerequest","script":{"id":"06386085-9407-4bc4-b5ed-20ea4a07871d","exec":[""],"type":"text/javascript"}}],"protocolProfileBehavior":{"disableBodyPruning":true},"request":{"method":"GET","header":[{"key":"Accept","value":"application/vnd.api+json;revision=1"},{"key":"Content-Type","value":"application/vnd.api+json"},{"key":"Authorization","value":"Bearer {{ADOBE_IO_ACCESS_TOKEN}}"},{"key":"x-api-key","value":"Activation-DTM"}],"body":{"mode":"raw","raw":""},"url":{"raw":"https://{{ADOBE_IO_LAUNCH_HOSTNAME}}/properties/{{LAUNCH_PROPERTY_ID}}/extensions?page[size]=999&filter[published]=EQ%20false","protocol":"https","host":["{{ADOBE_IO_LAUNCH_HOSTNAME}}"],"path":["properties","{{LAUNCH_PROPERTY_ID}}","extensions"],"query":[{"key":"page[size]","value":"999"},{"key":"filter[published]","value":"EQ%20false"}]},"description":"Getting unpublished resources"},"response":[]},{"name":"setUnpublishedResources","event":[{"listen":"test","script":{"id":"7d4a6d92-2722-40f3-9198-6f1d6cf997e8","exec":[""],"type":"text/javascript"}},{"listen":"prerequest","script":{"id":"4766d9e9-96ea-4bbc-912b-0a04484225aa","exec":[""],"type":"text/javascript"}}],"request":{"method":"PUT","header":[{"key":"Accept","value":"application/vnd.api+json;revision=1"},{"key":"Content-Type","value":"application/vnd.api+json"},{"key":"Authorization","value":"Bearer {{ADOBE_IO_ACCESS_TOKEN}}"},{"key":"x-api-key","value":"Activation-DTM"}],"body":{"mode":"raw","raw":"{\n  \"data\": {\n    \"type\": \"libraries\",\n    \"id\": \"{{LAUNCH_LIB_ID_CONFIG}}\",\n    \"attributes\": {\n      \"name\": \"Initial Config\"\n    },\n    \"relationships\": {\n      \"resources\": {\n        \"data\": {{resources}}\n      },\n      \"environment\": {\n        \"data\": {\n          \"id\": \"{{LAUNCH_ENV_ID_DEV}}\",\n          \"type\": \"environments\"\n        }\n      }\n    }\n  }\n}"},"url":{"raw":"https://{{ADOBE_IO_LAUNCH_HOSTNAME}}/libraries/{{LAUNCH_LIB_ID_CONFIG}}","protocol":"https","host":["{{ADOBE_IO_LAUNCH_HOSTNAME}}"],"path":["libraries","{{LAUNCH_LIB_ID_CONFIG}}"]},"description":"Setting unpublished resources"},"response":[]},{"name":"buildDevLibrary","event":[{"listen":"test","script":{"id":"7d4a6d92-2722-40f3-9198-6f1d6cf997e8","exec":[""],"type":"text/javascript"}},{"listen":"prerequest","script":{"id":"4766d9e9-96ea-4bbc-912b-0a04484225aa","exec":[""],"type":"text/javascript"}}],"request":{"method":"POST","header":[{"key":"Accept","value":"application/vnd.api+json;revision=1"},{"key":"Content-Type","value":"application/vnd.api+json"},{"key":"Authorization","value":"Bearer {{ADOBE_IO_ACCESS_TOKEN}}"},{"key":"x-api-key","value":"Activation-DTM"}],"body":{"mode":"raw","raw":""},"url":{"raw":"https://{{ADOBE_IO_LAUNCH_HOSTNAME}}/libraries/{{LAUNCH_LIB_ID_CONFIG}}/builds","protocol":"https","host":["{{ADOBE_IO_LAUNCH_HOSTNAME}}"],"path":["libraries","{{LAUNCH_LIB_ID_CONFIG}}","builds"]},"description":"Building library"},"response":[]}],"variables":{"dataElementAPIcalls":"[{\"name\":\"Data Layer Object\",\"endpoint\":\"/properties/{{LAUNCH_PROPERTY_ID}}/data_elements\",\"method\":\"POST\",\"body\":{\"data\":{\"attributes\":{\"name\":\"Data Layer Object\",\"default_value\":\"\",\"force_lower_case\":false,\"clean_text\":true,\"storage_duration\":null,\"delegate_descriptor_id\":\"data-layer-manager-search-discovery::dataElements::context-aware-data-layer-root\",\"settings\":\"{\\\"dataLayerPath\\\":\\\"\\\"}\",\"revision\":false,\"extension_id\":\"{{LAUNCH_EXT_ID_SDI_DATALAYER_MGR}}\",\"order\":0},\"relationships\":{\"extension\":{\"data\":{\"id\":\"{{LAUNCH_EXT_ID_SDI_DATALAYER_MGR}}\",\"type\":\"extensions\"}}},\"meta\":{},\"links\":{},\"type\":\"data_elements\"}},\"complete\":false},{\"name\":\"ItemPath::productInfo.sku\",\"endpoint\":\"/properties/{{LAUNCH_PROPERTY_ID}}/data_elements\",\"method\":\"POST\",\"body\":{\"data\":{\"attributes\":{\"name\":\"ItemPath::productInfo.sku\",\"default_value\":\"\",\"force_lower_case\":false,\"clean_text\":true,\"storage_duration\":null,\"delegate_descriptor_id\":\"constant-dataelement::dataElements::constant\",\"settings\":\"{\\\"value\\\":\\\"productInfo.sku\\\"}\",\"revision\":false,\"extension_id\":\"{{LAUNCH_EXT_ID_CONSTANT_DATA_ELEMENT}}\",\"order\":0},\"relationships\":{\"extension\":{\"data\":{\"id\":\"{{LAUNCH_EXT_ID_CONSTANT_DATA_ELEMENT}}\",\"type\":\"extensions\"}}},\"meta\":{},\"links\":{},\"type\":\"data_elements\"}},\"complete\":false},{\"name\":\"ItemPath::productInfo.productID\",\"endpoint\":\"/properties/{{LAUNCH_PROPERTY_ID}}/data_elements\",\"method\":\"POST\",\"body\":{\"data\":{\"attributes\":{\"name\":\"ItemPath::productInfo.productID\",\"default_value\":\"\",\"force_lower_case\":false,\"clean_text\":true,\"storage_duration\":null,\"delegate_descriptor_id\":\"constant-dataelement::dataElements::constant\",\"settings\":\"{\\\"value\\\":\\\"productInfo.productID\\\"}\",\"revision\":false,\"extension_id\":\"{{LAUNCH_EXT_ID_CONSTANT_DATA_ELEMENT}}\",\"order\":0},\"relationships\":{\"extension\":{\"data\":{\"id\":\"{{LAUNCH_EXT_ID_CONSTANT_DATA_ELEMENT}}\",\"type\":\"extensions\"}}},\"meta\":{},\"links\":{},\"type\":\"data_elements\"}},\"complete\":false},{\"name\":\"CollectionPath::cart.item\",\"endpoint\":\"/properties/{{LAUNCH_PROPERTY_ID}}/data_elements\",\"method\":\"POST\",\"body\":{\"data\":{\"attributes\":{\"name\":\"CollectionPath::cart.item\",\"default_value\":\"\",\"force_lower_case\":false,\"clean_text\":true,\"storage_duration\":null,\"delegate_descriptor_id\":\"constant-dataelement::dataElements::constant\",\"settings\":\"{\\\"value\\\":\\\"cart.item\\\"}\",\"revision\":false,\"extension_id\":\"{{LAUNCH_EXT_ID_CONSTANT_DATA_ELEMENT}}\",\"order\":0},\"relationships\":{\"extension\":{\"data\":{\"id\":\"{{LAUNCH_EXT_ID_CONSTANT_DATA_ELEMENT}}\",\"type\":\"extensions\"}}},\"meta\":{},\"links\":{},\"type\":\"data_elements\"}},\"complete\":false},{\"name\":\"listing.listingParams.searchInfo.searchTermEntered\",\"endpoint\":\"/properties/{{LAUNCH_PROPERTY_ID}}/data_elements\",\"method\":\"POST\",\"body\":{\"data\":{\"attributes\":{\"name\":\"listing.listingParams.searchInfo.searchTermEntered\",\"default_value\":\"\",\"force_lower_case\":false,\"clean_text\":true,\"storage_duration\":null,\"delegate_descriptor_id\":\"data-layer-manager-search-discovery::dataElements::context-aware-data-layer-root\",\"settings\":\"{\\\"dataLayerPath\\\":\\\"listing.listingParams.searchInfo.searchTermEntered\\\"}\",\"revision\":false,\"extension_id\":\"{{LAUNCH_EXT_ID_SDI_DATALAYER_MGR}}\",\"order\":0},\"relationships\":{\"extension\":{\"data\":{\"id\":\"{{LAUNCH_EXT_ID_SDI_DATALAYER_MGR}}\",\"type\":\"extensions\"}}},\"meta\":{},\"links\":{},\"type\":\"data_elements\"}},\"complete\":false},{\"name\":\"CollectionPath::listing.listingResults.item\",\"endpoint\":\"/properties/{{LAUNCH_PROPERTY_ID}}/data_elements\",\"method\":\"POST\",\"body\":{\"data\":{\"attributes\":{\"name\":\"CollectionPath::listing.listingResults.item\",\"default_value\":\"\",\"force_lower_case\":false,\"clean_text\":true,\"storage_duration\":null,\"delegate_descriptor_id\":\"constant-dataelement::dataElements::constant\",\"settings\":\"{\\\"value\\\":\\\"listing.listingResults.item\\\"}\",\"revision\":false,\"extension_id\":\"{{LAUNCH_EXT_ID_CONSTANT_DATA_ELEMENT}}\",\"order\":0},\"relationships\":{\"extension\":{\"data\":{\"id\":\"{{LAUNCH_EXT_ID_CONSTANT_DATA_ELEMENT}}\",\"type\":\"extensions\"}}},\"meta\":{},\"links\":{},\"type\":\"data_elements\"}},\"complete\":false},{\"name\":\"transaction.total.currency\",\"endpoint\":\"/properties/{{LAUNCH_PROPERTY_ID}}/data_elements\",\"method\":\"POST\",\"body\":{\"data\":{\"attributes\":{\"name\":\"transaction.total.currency\",\"default_value\":\"\",\"force_lower_case\":false,\"clean_text\":true,\"storage_duration\":null,\"delegate_descriptor_id\":\"data-layer-manager-search-discovery::dataElements::context-aware-data-layer-root\",\"settings\":\"{\\\"dataLayerPath\\\":\\\"transaction.total.currency\\\"}\",\"revision\":false,\"extension_id\":\"{{LAUNCH_EXT_ID_SDI_DATALAYER_MGR}}\",\"order\":0},\"relationships\":{\"extension\":{\"data\":{\"id\":\"{{LAUNCH_EXT_ID_SDI_DATALAYER_MGR}}\",\"type\":\"extensions\"}}},\"meta\":{},\"links\":{},\"type\":\"data_elements\"}},\"complete\":false},{\"name\":\"transaction.transactionID\",\"endpoint\":\"/properties/{{LAUNCH_PROPERTY_ID}}/data_elements\",\"method\":\"POST\",\"body\":{\"data\":{\"attributes\":{\"name\":\"transaction.transactionID\",\"default_value\":\"\",\"force_lower_case\":false,\"clean_text\":true,\"storage_duration\":null,\"delegate_descriptor_id\":\"data-layer-manager-search-discovery::dataElements::context-aware-data-layer-root\",\"settings\":\"{\\\"dataLayerPath\\\":\\\"transaction.transactionID\\\"}\",\"revision\":false,\"extension_id\":\"{{LAUNCH_EXT_ID_SDI_DATALAYER_MGR}}\",\"order\":0},\"relationships\":{\"extension\":{\"data\":{\"id\":\"{{LAUNCH_EXT_ID_SDI_DATALAYER_MGR}}\",\"type\":\"extensions\"}}},\"meta\":{},\"links\":{},\"type\":\"data_elements\"}},\"complete\":false},{\"name\":\"transaction.profile.address.stateProvince\",\"endpoint\":\"/properties/{{LAUNCH_PROPERTY_ID}}/data_elements\",\"method\":\"POST\",\"body\":{\"data\":{\"attributes\":{\"name\":\"transaction.profile.address.stateProvince\",\"default_value\":\"\",\"force_lower_case\":false,\"clean_text\":true,\"storage_duration\":null,\"delegate_descriptor_id\":\"data-layer-manager-search-discovery::dataElements::context-aware-data-layer-root\",\"settings\":\"{\\\"dataLayerPath\\\":\\\"transaction.profile.address.stateProvince\\\"}\",\"revision\":false,\"extension_id\":\"{{LAUNCH_EXT_ID_SDI_DATALAYER_MGR}}\",\"order\":0},\"relationships\":{\"extension\":{\"data\":{\"id\":\"{{LAUNCH_EXT_ID_SDI_DATALAYER_MGR}}\",\"type\":\"extensions\"}}},\"meta\":{},\"links\":{},\"type\":\"data_elements\"}},\"complete\":false},{\"name\":\"transaction.profile.address.postalCode\",\"endpoint\":\"/properties/{{LAUNCH_PROPERTY_ID}}/data_elements\",\"method\":\"POST\",\"body\":{\"data\":{\"attributes\":{\"name\":\"transaction.profile.address.postalCode\",\"default_value\":\"\",\"force_lower_case\":false,\"clean_text\":true,\"storage_duration\":null,\"delegate_descriptor_id\":\"data-layer-manager-search-discovery::dataElements::context-aware-data-layer-root\",\"settings\":\"{\\\"dataLayerPath\\\":\\\"transaction.profile.address.postalCode\\\"}\",\"revision\":false,\"extension_id\":\"{{LAUNCH_EXT_ID_SDI_DATALAYER_MGR}}\",\"order\":0},\"relationships\":{\"extension\":{\"data\":{\"id\":\"{{LAUNCH_EXT_ID_SDI_DATALAYER_MGR}}\",\"type\":\"extensions\"}}},\"meta\":{},\"links\":{},\"type\":\"data_elements\"}},\"complete\":false},{\"name\":\"ItemPath::voucherDiscount.productLevelDiscountCode\",\"endpoint\":\"/properties/{{LAUNCH_PROPERTY_ID}}/data_elements\",\"method\":\"POST\",\"body\":{\"data\":{\"attributes\":{\"name\":\"ItemPath::voucherDiscount.productLevelDiscountCode\",\"default_value\":\"\",\"force_lower_case\":false,\"clean_text\":true,\"storage_duration\":null,\"delegate_descriptor_id\":\"constant-dataelement::dataElements::constant\",\"settings\":\"{\\\"value\\\":\\\"voucherDiscount.productLevelDiscountCode\\\"}\",\"revision\":false,\"extension_id\":\"{{LAUNCH_EXT_ID_CONSTANT_DATA_ELEMENT}}\",\"order\":0},\"relationships\":{\"extension\":{\"data\":{\"id\":\"{{LAUNCH_EXT_ID_CONSTANT_DATA_ELEMENT}}\",\"type\":\"extensions\"}}},\"meta\":{},\"links\":{},\"type\":\"data_elements\"}},\"complete\":false},{\"name\":\"ItemPath::voucherDiscount.productLevelDiscountAmount\",\"endpoint\":\"/properties/{{LAUNCH_PROPERTY_ID}}/data_elements\",\"method\":\"POST\",\"body\":{\"data\":{\"attributes\":{\"name\":\"ItemPath::voucherDiscount.productLevelDiscountAmount\",\"default_value\":\"\",\"force_lower_case\":false,\"clean_text\":true,\"storage_duration\":null,\"delegate_descriptor_id\":\"constant-dataelement::dataElements::constant\",\"settings\":\"{\\\"value\\\":\\\"voucherDiscount.productLevelDiscountAmount\\\"}\",\"revision\":false,\"extension_id\":\"{{LAUNCH_EXT_ID_CONSTANT_DATA_ELEMENT}}\",\"order\":0},\"relationships\":{\"extension\":{\"data\":{\"id\":\"{{LAUNCH_EXT_ID_CONSTANT_DATA_ELEMENT}}\",\"type\":\"extensions\"}}},\"meta\":{},\"links\":{},\"type\":\"data_elements\"}},\"complete\":false},{\"name\":\"ItemPath::voucherDiscount.hasProductLevelDiscounts\",\"endpoint\":\"/properties/{{LAUNCH_PROPERTY_ID}}/data_elements\",\"method\":\"POST\",\"body\":{\"data\":{\"attributes\":{\"name\":\"ItemPath::voucherDiscount.hasProductLevelDiscounts\",\"default_value\":\"\",\"force_lower_case\":false,\"clean_text\":true,\"storage_duration\":null,\"delegate_descriptor_id\":\"constant-dataelement::dataElements::constant\",\"settings\":\"{\\\"value\\\":\\\"voucherDiscount.hasProductLevelDiscounts\\\"}\",\"revision\":false,\"extension_id\":\"{{LAUNCH_EXT_ID_CONSTANT_DATA_ELEMENT}}\",\"order\":0},\"relationships\":{\"extension\":{\"data\":{\"id\":\"{{LAUNCH_EXT_ID_CONSTANT_DATA_ELEMENT}}\",\"type\":\"extensions\"}}},\"meta\":{},\"links\":{},\"type\":\"data_elements\"}},\"complete\":false},{\"name\":\"ItemPath::price.sellingPrice\",\"endpoint\":\"/properties/{{LAUNCH_PROPERTY_ID}}/data_elements\",\"method\":\"POST\",\"body\":{\"data\":{\"attributes\":{\"name\":\"ItemPath::price.sellingPrice\",\"default_value\":\"\",\"force_lower_case\":false,\"clean_text\":true,\"storage_duration\":null,\"delegate_descriptor_id\":\"constant-dataelement::dataElements::constant\",\"settings\":\"{\\\"value\\\":\\\"price.sellingPrice\\\"}\",\"revision\":false,\"extension_id\":\"{{LAUNCH_EXT_ID_CONSTANT_DATA_ELEMENT}}\",\"order\":0},\"relationships\":{\"extension\":{\"data\":{\"id\":\"{{LAUNCH_EXT_ID_CONSTANT_DATA_ELEMENT}}\",\"type\":\"extensions\"}}},\"meta\":{},\"links\":{},\"type\":\"data_elements\"}},\"complete\":false},{\"name\":\"ItemPath::quantity\",\"endpoint\":\"/properties/{{LAUNCH_PROPERTY_ID}}/data_elements\",\"method\":\"POST\",\"body\":{\"data\":{\"attributes\":{\"name\":\"ItemPath::quantity\",\"default_value\":\"\",\"force_lower_case\":false,\"clean_text\":true,\"storage_duration\":null,\"delegate_descriptor_id\":\"constant-dataelement::dataElements::constant\",\"settings\":\"{\\\"value\\\":\\\"quantity\\\"}\",\"revision\":false,\"extension_id\":\"{{LAUNCH_EXT_ID_CONSTANT_DATA_ELEMENT}}\",\"order\":0},\"relationships\":{\"extension\":{\"data\":{\"id\":\"{{LAUNCH_EXT_ID_CONSTANT_DATA_ELEMENT}}\",\"type\":\"extensions\"}}},\"meta\":{},\"links\":{},\"type\":\"data_elements\"}},\"complete\":false},{\"name\":\"CollectionPath::transaction.item\",\"endpoint\":\"/properties/{{LAUNCH_PROPERTY_ID}}/data_elements\",\"method\":\"POST\",\"body\":{\"data\":{\"attributes\":{\"name\":\"CollectionPath::transaction.item\",\"default_value\":\"\",\"force_lower_case\":false,\"clean_text\":true,\"storage_duration\":null,\"delegate_descriptor_id\":\"constant-dataelement::dataElements::constant\",\"settings\":\"{\\\"value\\\":\\\"transaction.item\\\"}\",\"revision\":false,\"extension_id\":\"{{LAUNCH_EXT_ID_CONSTANT_DATA_ELEMENT}}\",\"order\":0},\"relationships\":{\"extension\":{\"data\":{\"id\":\"{{LAUNCH_EXT_ID_CONSTANT_DATA_ELEMENT}}\",\"type\":\"extensions\"}}},\"meta\":{},\"links\":{},\"type\":\"data_elements\"}},\"complete\":false},{\"name\":\"QS::cid\",\"endpoint\":\"/properties/{{LAUNCH_PROPERTY_ID}}/data_elements\",\"method\":\"POST\",\"body\":{\"data\":{\"attributes\":{\"name\":\"QS::cid\",\"default_value\":\"\",\"force_lower_case\":false,\"clean_text\":true,\"storage_duration\":null,\"delegate_descriptor_id\":\"core::dataElements::query-string-parameter\",\"settings\":\"{\\\"caseInsensitive\\\":true,\\\"name\\\":\\\"cid\\\"}\",\"revision\":false,\"extension_id\":\"{{LAUNCH_EXT_ID_CORE}}\",\"order\":0},\"relationships\":{\"extension\":{\"data\":{\"id\":\"{{LAUNCH_EXT_ID_CORE}}\",\"type\":\"extensions\"}}},\"meta\":{},\"links\":{},\"type\":\"data_elements\"}},\"complete\":false},{\"name\":\"page.pageCategory\",\"endpoint\":\"/properties/{{LAUNCH_PROPERTY_ID}}/data_elements\",\"method\":\"POST\",\"body\":{\"data\":{\"attributes\":{\"name\":\"page.pageCategory\",\"default_value\":\"\",\"force_lower_case\":false,\"clean_text\":true,\"storage_duration\":null,\"delegate_descriptor_id\":\"data-layer-manager-search-discovery::dataElements::context-aware-data-layer-root\",\"settings\":\"{\\\"dataLayerPath\\\":\\\"page.pageCategory\\\"}\",\"revision\":false,\"extension_id\":\"{{LAUNCH_EXT_ID_SDI_DATALAYER_MGR}}\",\"order\":0},\"relationships\":{\"extension\":{\"data\":{\"id\":\"{{LAUNCH_EXT_ID_SDI_DATALAYER_MGR}}\",\"type\":\"extensions\"}}},\"meta\":{},\"links\":{},\"type\":\"data_elements\"}},\"complete\":false},{\"name\":\"page.pageName\",\"endpoint\":\"/properties/{{LAUNCH_PROPERTY_ID}}/data_elements\",\"method\":\"POST\",\"body\":{\"data\":{\"attributes\":{\"name\":\"page.pageName\",\"default_value\":\"\",\"force_lower_case\":false,\"clean_text\":true,\"storage_duration\":null,\"delegate_descriptor_id\":\"data-layer-manager-search-discovery::dataElements::context-aware-data-layer-root\",\"settings\":\"{\\\"dataLayerPath\\\":\\\"page.pageName\\\"}\",\"revision\":false,\"extension_id\":\"{{LAUNCH_EXT_ID_SDI_DATALAYER_MGR}}\",\"order\":0},\"relationships\":{\"extension\":{\"data\":{\"id\":\"{{LAUNCH_EXT_ID_SDI_DATALAYER_MGR}}\",\"type\":\"extensions\"}}},\"meta\":{},\"links\":{},\"type\":\"data_elements\"}},\"complete\":false},{\"name\":\"location.pathname\",\"endpoint\":\"/properties/{{LAUNCH_PROPERTY_ID}}/data_elements\",\"method\":\"POST\",\"body\":{\"data\":{\"attributes\":{\"name\":\"location.pathname\",\"default_value\":\"\",\"force_lower_case\":true,\"clean_text\":true,\"storage_duration\":null,\"delegate_descriptor_id\":\"core::dataElements::page-info\",\"settings\":\"{\\\"attribute\\\":\\\"hostname\\\"}\",\"revision\":false,\"extension_id\":\"{{LAUNCH_EXT_ID_CORE}}\",\"order\":0},\"relationships\":{\"extension\":{\"data\":{\"id\":\"{{LAUNCH_EXT_ID_CORE}}\",\"type\":\"extensions\"}}},\"meta\":{},\"links\":{},\"type\":\"data_elements\"}},\"complete\":false},{\"name\":\"page.pageType\",\"endpoint\":\"/properties/{{LAUNCH_PROPERTY_ID}}/data_elements\",\"method\":\"POST\",\"body\":{\"data\":{\"attributes\":{\"name\":\"page.pageType\",\"default_value\":\"\",\"force_lower_case\":false,\"clean_text\":true,\"storage_duration\":null,\"delegate_descriptor_id\":\"data-layer-manager-search-discovery::dataElements::context-aware-data-layer-root\",\"settings\":\"{\\\"dataLayerPath\\\":\\\"page.pageType\\\"}\",\"revision\":false,\"extension_id\":\"{{LAUNCH_EXT_ID_SDI_DATALAYER_MGR}}\",\"order\":0},\"relationships\":{\"extension\":{\"data\":{\"id\":\"{{LAUNCH_EXT_ID_SDI_DATALAYER_MGR}}\",\"type\":\"extensions\"}}},\"meta\":{},\"links\":{},\"type\":\"data_elements\"}},\"complete\":false},{\"name\":\"location.hostname\",\"endpoint\":\"/properties/{{LAUNCH_PROPERTY_ID}}/data_elements\",\"method\":\"POST\",\"body\":{\"data\":{\"attributes\":{\"name\":\"location.hostname\",\"default_value\":\"\",\"force_lower_case\":true,\"clean_text\":true,\"storage_duration\":null,\"delegate_descriptor_id\":\"core::dataElements::page-info\",\"settings\":\"{\\\"attribute\\\":\\\"hostname\\\"}\",\"revision\":false,\"extension_id\":\"{{LAUNCH_EXT_ID_CORE}}\",\"order\":0},\"relationships\":{\"extension\":{\"data\":{\"id\":\"{{LAUNCH_EXT_ID_CORE}}\",\"type\":\"extensions\"}}},\"meta\":{},\"links\":{},\"type\":\"data_elements\"}},\"complete\":false},{\"name\":\"CollectionPath::product\",\"endpoint\":\"/properties/{{LAUNCH_PROPERTY_ID}}/data_elements\",\"method\":\"POST\",\"body\":{\"data\":{\"attributes\":{\"name\":\"CollectionPath::product\",\"default_value\":\"\",\"force_lower_case\":false,\"clean_text\":true,\"storage_duration\":null,\"delegate_descriptor_id\":\"constant-dataelement::dataElements::constant\",\"settings\":\"{\\\"value\\\":\\\"product\\\"}\",\"revision\":false,\"extension_id\":\"{{LAUNCH_EXT_ID_CONSTANT_DATA_ELEMENT}}\",\"order\":0},\"relationships\":{\"extension\":{\"data\":{\"id\":\"{{LAUNCH_EXT_ID_CONSTANT_DATA_ELEMENT}}\",\"type\":\"extensions\"}}},\"meta\":{},\"links\":{},\"type\":\"data_elements\"}},\"complete\":false},{\"name\":\"user.userType\",\"endpoint\":\"/properties/{{LAUNCH_PROPERTY_ID}}/data_elements\",\"method\":\"POST\",\"body\":{\"data\":{\"attributes\":{\"name\":\"user.userType\",\"default_value\":\"\",\"force_lower_case\":false,\"clean_text\":true,\"storage_duration\":null,\"delegate_descriptor_id\":\"data-layer-manager-search-discovery::dataElements::context-aware-data-layer-root\",\"settings\":\"{\\\"dataLayerPath\\\":\\\"user.userType\\\"}\",\"revision\":false,\"extension_id\":\"{{LAUNCH_EXT_ID_SDI_DATALAYER_MGR}}\",\"order\":0},\"relationships\":{\"extension\":{\"data\":{\"id\":\"{{LAUNCH_EXT_ID_SDI_DATALAYER_MGR}}\",\"type\":\"extensions\"}}},\"meta\":{},\"links\":{},\"type\":\"data_elements\"}},\"complete\":false},{\"name\":\"user.custKey\",\"endpoint\":\"/properties/{{LAUNCH_PROPERTY_ID}}/data_elements\",\"method\":\"POST\",\"body\":{\"data\":{\"attributes\":{\"name\":\"user.custKey\",\"default_value\":\"\",\"force_lower_case\":false,\"clean_text\":true,\"storage_duration\":null,\"delegate_descriptor_id\":\"data-layer-manager-search-discovery::dataElements::context-aware-data-layer-root\",\"settings\":\"{\\\"dataLayerPath\\\":\\\"user.custKey\\\"}\",\"revision\":false,\"extension_id\":\"{{LAUNCH_EXT_ID_SDI_DATALAYER_MGR}}\",\"order\":0},\"relationships\":{\"extension\":{\"data\":{\"id\":\"{{LAUNCH_EXT_ID_SDI_DATALAYER_MGR}}\",\"type\":\"extensions\"}}},\"meta\":{},\"links\":{},\"type\":\"data_elements\"}},\"complete\":false}]","ruleAPIcalls":"[{\"name\":\"Cart Viewed [AA]\",\"endpoint\":\"/properties/{{LAUNCH_PROPERTY_ID}}/rules\",\"method\":\"POST\",\"body\":{\"data\":{\"attributes\":{\"name\":\"Cart Viewed [AA]\",\"revision\":false},\"type\":\"rules\"}},\"complete\":false},{\"name\":\"Listing Viewed [AA]\",\"endpoint\":\"/properties/{{LAUNCH_PROPERTY_ID}}/rules\",\"method\":\"POST\",\"body\":{\"data\":{\"attributes\":{\"name\":\"Listing Viewed [AA]\",\"revision\":false},\"type\":\"rules\"}},\"complete\":false},{\"name\":\"Order Placed [AA]\",\"endpoint\":\"/properties/{{LAUNCH_PROPERTY_ID}}/rules\",\"method\":\"POST\",\"body\":{\"data\":{\"attributes\":{\"name\":\"Order Placed [AA]\",\"revision\":false},\"type\":\"rules\"}},\"complete\":false},{\"name\":\"Page Loaded [AA]\",\"endpoint\":\"/properties/{{LAUNCH_PROPERTY_ID}}/rules\",\"method\":\"POST\",\"body\":{\"data\":{\"attributes\":{\"name\":\"Page Loaded [AA]\",\"revision\":false},\"type\":\"rules\"}},\"complete\":false},{\"name\":\"Product Added [AA]\",\"endpoint\":\"/properties/{{LAUNCH_PROPERTY_ID}}/rules\",\"method\":\"POST\",\"body\":{\"data\":{\"attributes\":{\"name\":\"Product Added [AA]\",\"revision\":false},\"type\":\"rules\"}},\"complete\":false},{\"name\":\"Product Removed [AA]\",\"endpoint\":\"/properties/{{LAUNCH_PROPERTY_ID}}/rules\",\"method\":\"POST\",\"body\":{\"data\":{\"attributes\":{\"name\":\"Product Removed [AA]\",\"revision\":false},\"type\":\"rules\"}},\"complete\":false},{\"name\":\"Product Viewed [AA]\",\"endpoint\":\"/properties/{{LAUNCH_PROPERTY_ID}}/rules\",\"method\":\"POST\",\"body\":{\"data\":{\"attributes\":{\"name\":\"Product Viewed [AA]\",\"revision\":false},\"type\":\"rules\"}},\"complete\":false},{\"name\":\"User Registered [AA]\",\"endpoint\":\"/properties/{{LAUNCH_PROPERTY_ID}}/rules\",\"method\":\"POST\",\"body\":{\"data\":{\"attributes\":{\"name\":\"User Registered [AA]\",\"revision\":false},\"type\":\"rules\"}},\"complete\":false},{\"name\":\"User Signed In [AA]\",\"endpoint\":\"/properties/{{LAUNCH_PROPERTY_ID}}/rules\",\"method\":\"POST\",\"body\":{\"data\":{\"attributes\":{\"name\":\"User Signed In [AA]\",\"revision\":false},\"type\":\"rules\"}},\"complete\":false},{\"name\":\"Load & Fire Global [AT]\",\"endpoint\":\"/properties/{{LAUNCH_PROPERTY_ID}}/rules\",\"method\":\"POST\",\"body\":{\"data\":{\"attributes\":{\"name\":\"Load & Fire Global [AT]\",\"revision\":false},\"type\":\"rules\"}},\"complete\":false}]","ruleComponentAPIcalls":"[{\"name\":\"DLM - Cart Viewed\",\"ruleName\":\"Cart Viewed [AA]\",\"endpoint\":\"/rules/{{Launch_Rule_id}}/rule_components\",\"method\":\"POST\",\"body\":{\"data\":{\"id\":null,\"type\":\"rule_components\",\"attributes\":{\"settings\":\"{\\\"eventType\\\":\\\"Cart Viewed\\\"}\",\"delegate_descriptor_id\":\"data-layer-manager-search-discovery::events::data-layer-push-event\",\"name\":\"DLM - Cart Viewed\",\"rule_order\":50,\"order\":10,\"revision\":false,\"id\":1},\"relationships\":{\"extension\":{\"data\":{\"id\":\"\",\"type\":\"extensions\",\"name\":\"{{LAUNCH_EXT_ID_SDI_DATALAYER_MGR}}\"}}}}},\"complete\":false},{\"name\":\"Cart Viewed [AA]:AA ClearVars\",\"ruleName\":\"Cart Viewed [AA]\",\"endpoint\":\"/rules/{{Launch_Rule_id}}/rule_components\",\"method\":\"POST\",\"body\":{\"data\":{\"id\":null,\"type\":\"rule_components\",\"attributes\":{\"settings\":\"{}\",\"delegate_descriptor_id\":\"adobe-analytics::actions::clear-variables\",\"name\":\"Cart Viewed [AA]:AA ClearVars\",\"rule_order\":20,\"order\":20,\"revision\":false,\"id\":2},\"relationships\":{\"extension\":{\"data\":{\"id\":\"\",\"type\":\"extensions\",\"name\":\"{{LAUNCH_EXT_ID_ADOBE_ANALYTICS}}\"}}}}},\"complete\":false},{\"name\":\"Cart Viewed [AA]:AA SetVars\",\"ruleName\":\"Cart Viewed [AA]\",\"endpoint\":\"/rules/{{Launch_Rule_id}}/rule_components\",\"method\":\"POST\",\"body\":{\"data\":{\"id\":null,\"type\":\"rule_components\",\"attributes\":{\"settings\":\"{\\\"trackerProperties\\\":{\\\"events\\\":[{\\\"name\\\":\\\"scOpen\\\"},{\\\"name\\\":\\\"scView\\\"}]}}\",\"delegate_descriptor_id\":\"adobe-analytics::actions::set-variables\",\"name\":\"AA Set Vars\",\"rule_order\":30,\"order\":30,\"revision\":false,\"id\":3},\"relationships\":{\"extension\":{\"data\":{\"id\":\"\",\"type\":\"extensions\",\"name\":\"{{LAUNCH_EXT_ID_ADOBE_ANALYTICS}}\"}}}}},\"complete\":false},{\"name\":\"Cart Viewed [AA]:ProductString:product\",\"ruleName\":\"Cart Viewed [AA]\",\"endpoint\":\"/rules/{{Launch_Rule_id}}/rule_components\",\"method\":\"POST\",\"body\":{\"data\":{\"id\":null,\"type\":\"rule_components\",\"attributes\":{\"settings\":\"{\\\"dataLayerRoot\\\":\\\"%Data Layer Object%\\\",\\\"productCollectionPath\\\":\\\"%CollectionPath::cart.item%\\\",\\\"productStringCategory\\\":\\\"product\\\",\\\"productStringCategorySelected\\\":true,\\\"productStringCategoryVariableType\\\":\\\"collection-item-static-text\\\",\\\"productStringProductIdPath\\\":\\\"%ItemPath::productInfo.productID%\\\",\\\"productStringProductIdSelected\\\":true,\\\"productStringQuantity\\\":\\\"\\\",\\\"productStringQuantitySelected\\\":false,\\\"productStringQuantityVariableType\\\":\\\"\\\",\\\"productStringUnitPrice\\\":\\\"\\\",\\\"productStringUnitPriceSelected\\\":false,\\\"productStringUnitPriceVariableType\\\":\\\"\\\",\\\"productStringEvars\\\":[{\\\"eVarId\\\":\\\"eVar3\\\",\\\"eVarPath\\\":\\\"%ItemPath::productInfo.sku%\\\"}],\\\"productStringEvents\\\":[]}\",\"delegate_descriptor_id\":\"aa-product-string-search-discovery::actions::aa-product-string-set-variables\",\"name\":\"ProductString:product\",\"rule_order\":40,\"order\":40,\"revision\":false,\"id\":4},\"relationships\":{\"extension\":{\"data\":{\"id\":\"\",\"type\":\"extensions\",\"name\":\"{{LAUNCH_EXT_ID_SDI_PRODUCT_STR}}\"}}}}},\"complete\":false},{\"name\":\"Cart Viewed [AA]:AA Send Beacon\",\"ruleName\":\"Cart Viewed [AA]\",\"endpoint\":\"/rules/{{Launch_Rule_id}}/rule_components\",\"method\":\"POST\",\"body\":{\"data\":{\"id\":null,\"type\":\"rule_components\",\"attributes\":{\"settings\":\"{\\\"type\\\":\\\"link\\\",\\\"linkType\\\":\\\"o\\\",\\\"linkName\\\":\\\"Cart Viewed [AA]\\\"}\",\"delegate_descriptor_id\":\"adobe-analytics::actions::send-beacon\",\"name\":\"AA Send Beacon\",\"rule_order\":50,\"order\":50,\"revision\":false,\"id\":5},\"relationships\":{\"extension\":{\"data\":{\"id\":\"\",\"type\":\"extensions\",\"name\":\"{{LAUNCH_EXT_ID_ADOBE_ANALYTICS}}\"}}}}},\"complete\":false},{\"name\":\"DLM - Listing Viewed\",\"ruleName\":\"Listing Viewed [AA]\",\"endpoint\":\"/rules/{{Launch_Rule_id}}/rule_components\",\"method\":\"POST\",\"body\":{\"data\":{\"id\":null,\"type\":\"rule_components\",\"attributes\":{\"settings\":\"{\\\"eventType\\\":\\\"Listing Viewed\\\"}\",\"delegate_descriptor_id\":\"data-layer-manager-search-discovery::events::data-layer-push-event\",\"name\":\"DLM - Listing Viewed\",\"rule_order\":50,\"order\":10,\"revision\":false,\"id\":1},\"relationships\":{\"extension\":{\"data\":{\"id\":\"\",\"type\":\"extensions\",\"name\":\"{{LAUNCH_EXT_ID_SDI_DATALAYER_MGR}}\"}}}}},\"complete\":false},{\"name\":\"Listing Viewed [AA]:AA ClearVars\",\"ruleName\":\"Listing Viewed [AA]\",\"endpoint\":\"/rules/{{Launch_Rule_id}}/rule_components\",\"method\":\"POST\",\"body\":{\"data\":{\"id\":null,\"type\":\"rule_components\",\"attributes\":{\"settings\":\"{}\",\"delegate_descriptor_id\":\"adobe-analytics::actions::clear-variables\",\"name\":\"Listing Viewed [AA]:AA ClearVars\",\"rule_order\":20,\"order\":20,\"revision\":false,\"id\":2},\"relationships\":{\"extension\":{\"data\":{\"id\":\"\",\"type\":\"extensions\",\"name\":\"{{LAUNCH_EXT_ID_ADOBE_ANALYTICS}}\"}}}}},\"complete\":false},{\"name\":\"Listing Viewed [AA]:AA SetVars\",\"ruleName\":\"Listing Viewed [AA]\",\"endpoint\":\"/rules/{{Launch_Rule_id}}/rule_components\",\"method\":\"POST\",\"body\":{\"data\":{\"id\":null,\"type\":\"rule_components\",\"attributes\":{\"settings\":\"{\\\"trackerProperties\\\":{\\\"events\\\":[{\\\"name\\\":\\\"event3\\\"},{\\\"name\\\":\\\"event4\\\"}],\\\"eVars\\\":[{\\\"type\\\":\\\"value\\\",\\\"name\\\":\\\"eVar7\\\",\\\"value\\\":\\\"%listing.listingParams.searchInfo.searchTermEntered%\\\"}]}}\",\"delegate_descriptor_id\":\"adobe-analytics::actions::set-variables\",\"name\":\"AA Set Vars\",\"rule_order\":30,\"order\":30,\"revision\":false,\"id\":3},\"relationships\":{\"extension\":{\"data\":{\"id\":\"\",\"type\":\"extensions\",\"name\":\"{{LAUNCH_EXT_ID_ADOBE_ANALYTICS}}\"}}}}},\"complete\":false},{\"name\":\"Listing Viewed [AA]:ProductString:product\",\"ruleName\":\"Listing Viewed [AA]\",\"endpoint\":\"/rules/{{Launch_Rule_id}}/rule_components\",\"method\":\"POST\",\"body\":{\"data\":{\"id\":null,\"type\":\"rule_components\",\"attributes\":{\"settings\":\"{\\\"dataLayerRoot\\\":\\\"%Data Layer Object%\\\",\\\"productCollectionPath\\\":\\\"%CollectionPath::listing.listingResults.item%\\\",\\\"productStringCategory\\\":\\\"product\\\",\\\"productStringCategorySelected\\\":true,\\\"productStringCategoryVariableType\\\":\\\"collection-item-static-text\\\",\\\"productStringProductIdPath\\\":\\\"\\\",\\\"productStringProductIdSelected\\\":true,\\\"productStringQuantity\\\":\\\"\\\",\\\"productStringQuantitySelected\\\":false,\\\"productStringQuantityVariableType\\\":\\\"\\\",\\\"productStringUnitPrice\\\":\\\"\\\",\\\"productStringUnitPriceSelected\\\":false,\\\"productStringUnitPriceVariableType\\\":\\\"\\\",\\\"productStringEvars\\\":[],\\\"productStringEvents\\\":[]}\",\"delegate_descriptor_id\":\"aa-product-string-search-discovery::actions::aa-product-string-set-variables\",\"name\":\"ProductString:product\",\"rule_order\":40,\"order\":40,\"revision\":false,\"id\":4},\"relationships\":{\"extension\":{\"data\":{\"id\":\"\",\"type\":\"extensions\",\"name\":\"{{LAUNCH_EXT_ID_SDI_PRODUCT_STR}}\"}}}}},\"complete\":false},{\"name\":\"Listing Viewed [AA]:AA Send Beacon\",\"ruleName\":\"Listing Viewed [AA]\",\"endpoint\":\"/rules/{{Launch_Rule_id}}/rule_components\",\"method\":\"POST\",\"body\":{\"data\":{\"id\":null,\"type\":\"rule_components\",\"attributes\":{\"settings\":\"{\\\"type\\\":\\\"link\\\",\\\"linkType\\\":\\\"o\\\",\\\"linkName\\\":\\\"Listing Viewed [AA]\\\"}\",\"delegate_descriptor_id\":\"adobe-analytics::actions::send-beacon\",\"name\":\"AA Send Beacon\",\"rule_order\":50,\"order\":50,\"revision\":false,\"id\":5},\"relationships\":{\"extension\":{\"data\":{\"id\":\"\",\"type\":\"extensions\",\"name\":\"{{LAUNCH_EXT_ID_ADOBE_ANALYTICS}}\"}}}}},\"complete\":false},{\"name\":\"DLM - Order Placed\",\"ruleName\":\"Order Placed [AA]\",\"endpoint\":\"/rules/{{Launch_Rule_id}}/rule_components\",\"method\":\"POST\",\"body\":{\"data\":{\"id\":null,\"type\":\"rule_components\",\"attributes\":{\"settings\":\"{\\\"eventType\\\":\\\"Order Placed\\\"}\",\"delegate_descriptor_id\":\"data-layer-manager-search-discovery::events::data-layer-push-event\",\"name\":\"DLM - Order Placed\",\"rule_order\":50,\"order\":10,\"revision\":false,\"id\":1},\"relationships\":{\"extension\":{\"data\":{\"id\":\"\",\"type\":\"extensions\",\"name\":\"{{LAUNCH_EXT_ID_SDI_DATALAYER_MGR}}\"}}}}},\"complete\":false},{\"name\":\"Order Placed [AA]:AA ClearVars\",\"ruleName\":\"Order Placed [AA]\",\"endpoint\":\"/rules/{{Launch_Rule_id}}/rule_components\",\"method\":\"POST\",\"body\":{\"data\":{\"id\":null,\"type\":\"rule_components\",\"attributes\":{\"settings\":\"{}\",\"delegate_descriptor_id\":\"adobe-analytics::actions::clear-variables\",\"name\":\"Order Placed [AA]:AA ClearVars\",\"rule_order\":20,\"order\":20,\"revision\":false,\"id\":2},\"relationships\":{\"extension\":{\"data\":{\"id\":\"\",\"type\":\"extensions\",\"name\":\"{{LAUNCH_EXT_ID_ADOBE_ANALYTICS}}\"}}}}},\"complete\":false},{\"name\":\"Order Placed [AA]:AA SetVars\",\"ruleName\":\"Order Placed [AA]\",\"endpoint\":\"/rules/{{Launch_Rule_id}}/rule_components\",\"method\":\"POST\",\"body\":{\"data\":{\"id\":null,\"type\":\"rule_components\",\"attributes\":{\"settings\":\"{\\\"trackerProperties\\\":{\\\"events\\\":[{\\\"name\\\":\\\"purchase\\\"}],\\\"eVars\\\":[{\\\"type\\\":\\\"value\\\",\\\"name\\\":\\\"eVar15\\\",\\\"value\\\":\\\"%transaction.transactionID%\\\"}],\\\"state\\\":\\\"%transaction.profile.address.stateProvince%\\\",\\\"transactionID\\\":\\\"%transaction.transactionID%\\\",\\\"zip\\\":\\\"%transaction.profile.address.postalCode%\\\"},\\\"customSetup\\\":{\\\"source\\\":\\\"s.currency=_satellite.getVar(\\\\\\\"transaction.total.currency\\\\\\\");\\\\ns.purchaseID=_satellite.getVar(\\\\\\\"transaction.transactionID\\\\\\\");\\\\n\\\"}}\",\"delegate_descriptor_id\":\"adobe-analytics::actions::set-variables\",\"name\":\"AA Set Vars\",\"rule_order\":30,\"order\":30,\"revision\":false,\"id\":3},\"relationships\":{\"extension\":{\"data\":{\"id\":\"\",\"type\":\"extensions\",\"name\":\"{{LAUNCH_EXT_ID_ADOBE_ANALYTICS}}\"}}}}},\"complete\":false},{\"name\":\"Order Placed [AA]:ProductString:product\",\"ruleName\":\"Order Placed [AA]\",\"endpoint\":\"/rules/{{Launch_Rule_id}}/rule_components\",\"method\":\"POST\",\"body\":{\"data\":{\"id\":null,\"type\":\"rule_components\",\"attributes\":{\"settings\":\"{\\\"dataLayerRoot\\\":\\\"%Data Layer Object%\\\",\\\"productCollectionPath\\\":\\\"%CollectionPath::transaction.item%\\\",\\\"productStringCategory\\\":\\\"product\\\",\\\"productStringCategorySelected\\\":true,\\\"productStringCategoryVariableType\\\":\\\"collection-item-static-text\\\",\\\"productStringProductIdPath\\\":\\\"%ItemPath::productInfo.productID%\\\",\\\"productStringProductIdSelected\\\":true,\\\"productStringQuantity\\\":\\\"%ItemPath::quantity%\\\",\\\"productStringQuantitySelected\\\":true,\\\"productStringQuantityVariableType\\\":\\\"collection-item-path\\\",\\\"productStringUnitPrice\\\":\\\"%ItemPath::price.sellingPrice%\\\",\\\"productStringUnitPriceSelected\\\":true,\\\"productStringUnitPriceVariableType\\\":\\\"collection-item-path\\\",\\\"productStringEvars\\\":[{\\\"eVarId\\\":\\\"eVar16\\\",\\\"eVarPath\\\":\\\"%ItemPath::voucherDiscount.productLevelDiscountCode%\\\"},{\\\"eVarId\\\":\\\"eVar3\\\",\\\"eVarPath\\\":\\\"%ItemPath::productInfo.sku%\\\"}],\\\"productStringEvents\\\":[{\\\"eventId\\\":\\\"event8\\\",\\\"eventPath\\\":\\\"%ItemPath::voucherDiscount.productLevelDiscountAmount%\\\",\\\"isBooleanFlag\\\":false},{\\\"eventId\\\":\\\"event9\\\",\\\"eventPath\\\":\\\"%ItemPath::voucherDiscount.hasProductLevelDiscounts%\\\",\\\"isBooleanFlag\\\":true}]}\",\"delegate_descriptor_id\":\"aa-product-string-search-discovery::actions::aa-product-string-set-variables\",\"name\":\"ProductString:product\",\"rule_order\":40,\"order\":40,\"revision\":false,\"id\":4},\"relationships\":{\"extension\":{\"data\":{\"id\":\"\",\"type\":\"extensions\",\"name\":\"{{LAUNCH_EXT_ID_SDI_PRODUCT_STR}}\"}}}}},\"complete\":false},{\"name\":\"Order Placed [AA]:AA Send Beacon\",\"ruleName\":\"Order Placed [AA]\",\"endpoint\":\"/rules/{{Launch_Rule_id}}/rule_components\",\"method\":\"POST\",\"body\":{\"data\":{\"id\":null,\"type\":\"rule_components\",\"attributes\":{\"settings\":\"{\\\"type\\\":\\\"link\\\",\\\"linkType\\\":\\\"o\\\",\\\"linkName\\\":\\\"Order Placed [AA]\\\"}\",\"delegate_descriptor_id\":\"adobe-analytics::actions::send-beacon\",\"name\":\"AA Send Beacon\",\"rule_order\":50,\"order\":50,\"revision\":false,\"id\":5},\"relationships\":{\"extension\":{\"data\":{\"id\":\"\",\"type\":\"extensions\",\"name\":\"{{LAUNCH_EXT_ID_ADOBE_ANALYTICS}}\"}}}}},\"complete\":false},{\"name\":\"DLM - Page Loaded\",\"ruleName\":\"Page Loaded [AA]\",\"endpoint\":\"/rules/{{Launch_Rule_id}}/rule_components\",\"method\":\"POST\",\"body\":{\"data\":{\"id\":null,\"type\":\"rule_components\",\"attributes\":{\"settings\":\"{\\\"eventType\\\":\\\"Page Loaded\\\"}\",\"delegate_descriptor_id\":\"data-layer-manager-search-discovery::events::data-layer-push-event\",\"name\":\"DLM - Page Loaded\",\"rule_order\":50,\"order\":10,\"revision\":false,\"id\":1},\"relationships\":{\"extension\":{\"data\":{\"id\":\"\",\"type\":\"extensions\",\"name\":\"{{LAUNCH_EXT_ID_SDI_DATALAYER_MGR}}\"}}}}},\"complete\":false},{\"name\":\"Page Loaded [AA]:AA ClearVars\",\"ruleName\":\"Page Loaded [AA]\",\"endpoint\":\"/rules/{{Launch_Rule_id}}/rule_components\",\"method\":\"POST\",\"body\":{\"data\":{\"id\":null,\"type\":\"rule_components\",\"attributes\":{\"settings\":\"{}\",\"delegate_descriptor_id\":\"adobe-analytics::actions::clear-variables\",\"name\":\"Page Loaded [AA]:AA ClearVars\",\"rule_order\":20,\"order\":20,\"revision\":false,\"id\":2},\"relationships\":{\"extension\":{\"data\":{\"id\":\"\",\"type\":\"extensions\",\"name\":\"{{LAUNCH_EXT_ID_ADOBE_ANALYTICS}}\"}}}}},\"complete\":false},{\"name\":\"Page Loaded [AA]:AA SetVars\",\"ruleName\":\"Page Loaded [AA]\",\"endpoint\":\"/rules/{{Launch_Rule_id}}/rule_components\",\"method\":\"POST\",\"body\":{\"data\":{\"id\":null,\"type\":\"rule_components\",\"attributes\":{\"settings\":\"{\\\"trackerProperties\\\":{\\\"props\\\":[{\\\"type\\\":\\\"value\\\",\\\"name\\\":\\\"prop4\\\",\\\"value\\\":\\\"%page.pageType%\\\"}],\\\"eVars\\\":[{\\\"type\\\":\\\"value\\\",\\\"name\\\":\\\"eVar1\\\",\\\"value\\\":\\\"%page.pageName%\\\"},{\\\"type\\\":\\\"value\\\",\\\"name\\\":\\\"eVar2\\\",\\\"value\\\":\\\"%location.pathname%\\\"}],\\\"campaign\\\":{\\\"type\\\":\\\"value\\\",\\\"value\\\":\\\"%QS::cid%\\\"},\\\"channel\\\":\\\"%page.pageCategory%\\\",\\\"pageName\\\":\\\"%page.pageName%\\\",\\\"server\\\":\\\"%location.hostname%\\\"}}\",\"delegate_descriptor_id\":\"adobe-analytics::actions::set-variables\",\"name\":\"AA Set Vars\",\"rule_order\":30,\"order\":30,\"revision\":false,\"id\":3},\"relationships\":{\"extension\":{\"data\":{\"id\":\"\",\"type\":\"extensions\",\"name\":\"{{LAUNCH_EXT_ID_ADOBE_ANALYTICS}}\"}}}}},\"complete\":false},{\"name\":\"Page Loaded [AA]:AA Send Beacon\",\"ruleName\":\"Page Loaded [AA]\",\"endpoint\":\"/rules/{{Launch_Rule_id}}/rule_components\",\"method\":\"POST\",\"body\":{\"data\":{\"id\":null,\"type\":\"rule_components\",\"attributes\":{\"settings\":\"{\\\"type\\\":\\\"page\\\"}\",\"delegate_descriptor_id\":\"adobe-analytics::actions::send-beacon\",\"name\":\"AA Send Beacon\",\"rule_order\":40,\"order\":40,\"revision\":false,\"id\":4},\"relationships\":{\"extension\":{\"data\":{\"id\":\"\",\"type\":\"extensions\",\"name\":\"{{LAUNCH_EXT_ID_ADOBE_ANALYTICS}}\"}}}}},\"complete\":false},{\"name\":\"DLM - Product Added\",\"ruleName\":\"Product Added [AA]\",\"endpoint\":\"/rules/{{Launch_Rule_id}}/rule_components\",\"method\":\"POST\",\"body\":{\"data\":{\"id\":null,\"type\":\"rule_components\",\"attributes\":{\"settings\":\"{\\\"eventType\\\":\\\"Product Added\\\"}\",\"delegate_descriptor_id\":\"data-layer-manager-search-discovery::events::data-layer-push-event\",\"name\":\"DLM - Product Added\",\"rule_order\":50,\"order\":10,\"revision\":false,\"id\":1},\"relationships\":{\"extension\":{\"data\":{\"id\":\"\",\"type\":\"extensions\",\"name\":\"{{LAUNCH_EXT_ID_SDI_DATALAYER_MGR}}\"}}}}},\"complete\":false},{\"name\":\"Product Added [AA]:AA ClearVars\",\"ruleName\":\"Product Added [AA]\",\"endpoint\":\"/rules/{{Launch_Rule_id}}/rule_components\",\"method\":\"POST\",\"body\":{\"data\":{\"id\":null,\"type\":\"rule_components\",\"attributes\":{\"settings\":\"{}\",\"delegate_descriptor_id\":\"adobe-analytics::actions::clear-variables\",\"name\":\"Product Added [AA]:AA ClearVars\",\"rule_order\":20,\"order\":20,\"revision\":false,\"id\":2},\"relationships\":{\"extension\":{\"data\":{\"id\":\"\",\"type\":\"extensions\",\"name\":\"{{LAUNCH_EXT_ID_ADOBE_ANALYTICS}}\"}}}}},\"complete\":false},{\"name\":\"Product Added [AA]:AA SetVars\",\"ruleName\":\"Product Added [AA]\",\"endpoint\":\"/rules/{{Launch_Rule_id}}/rule_components\",\"method\":\"POST\",\"body\":{\"data\":{\"id\":null,\"type\":\"rule_components\",\"attributes\":{\"settings\":\"{\\\"trackerProperties\\\":{\\\"events\\\":[{\\\"name\\\":\\\"scAdd\\\"}]}}\",\"delegate_descriptor_id\":\"adobe-analytics::actions::set-variables\",\"name\":\"AA Set Vars\",\"rule_order\":30,\"order\":30,\"revision\":false,\"id\":3},\"relationships\":{\"extension\":{\"data\":{\"id\":\"\",\"type\":\"extensions\",\"name\":\"{{LAUNCH_EXT_ID_ADOBE_ANALYTICS}}\"}}}}},\"complete\":false},{\"name\":\"Product Added [AA]:ProductString:product\",\"ruleName\":\"Product Added [AA]\",\"endpoint\":\"/rules/{{Launch_Rule_id}}/rule_components\",\"method\":\"POST\",\"body\":{\"data\":{\"id\":null,\"type\":\"rule_components\",\"attributes\":{\"settings\":\"{\\\"dataLayerRoot\\\":\\\"%Data Layer Object%\\\",\\\"productCollectionPath\\\":\\\"%CollectionPath::product%\\\",\\\"productStringCategory\\\":\\\"product\\\",\\\"productStringCategorySelected\\\":true,\\\"productStringCategoryVariableType\\\":\\\"collection-item-static-text\\\",\\\"productStringProductIdPath\\\":\\\"%ItemPath::productInfo.productID%\\\",\\\"productStringProductIdSelected\\\":true,\\\"productStringQuantity\\\":\\\"\\\",\\\"productStringQuantitySelected\\\":false,\\\"productStringQuantityVariableType\\\":\\\"\\\",\\\"productStringUnitPrice\\\":\\\"\\\",\\\"productStringUnitPriceSelected\\\":false,\\\"productStringUnitPriceVariableType\\\":\\\"\\\",\\\"productStringEvars\\\":[{\\\"eVarId\\\":\\\"eVar3\\\",\\\"eVarPath\\\":\\\"%ItemPath::productInfo.sku%\\\"}],\\\"productStringEvents\\\":[{\\\"eventId\\\":\\\"event21\\\",\\\"eventPath\\\":\\\"%ItemPath::quantity%\\\",\\\"isBooleanFlag\\\":false}]}\",\"delegate_descriptor_id\":\"aa-product-string-search-discovery::actions::aa-product-string-set-variables\",\"name\":\"ProductString:product\",\"rule_order\":40,\"order\":40,\"revision\":false,\"id\":4},\"relationships\":{\"extension\":{\"data\":{\"id\":\"\",\"type\":\"extensions\",\"name\":\"{{LAUNCH_EXT_ID_SDI_PRODUCT_STR}}\"}}}}},\"complete\":false},{\"name\":\"Product Added [AA]:AA Send Beacon\",\"ruleName\":\"Product Added [AA]\",\"endpoint\":\"/rules/{{Launch_Rule_id}}/rule_components\",\"method\":\"POST\",\"body\":{\"data\":{\"id\":null,\"type\":\"rule_components\",\"attributes\":{\"settings\":\"{\\\"type\\\":\\\"link\\\",\\\"linkType\\\":\\\"o\\\",\\\"linkName\\\":\\\"Product Added [AA]\\\"}\",\"delegate_descriptor_id\":\"adobe-analytics::actions::send-beacon\",\"name\":\"AA Send Beacon\",\"rule_order\":50,\"order\":50,\"revision\":false,\"id\":5},\"relationships\":{\"extension\":{\"data\":{\"id\":\"\",\"type\":\"extensions\",\"name\":\"{{LAUNCH_EXT_ID_ADOBE_ANALYTICS}}\"}}}}},\"complete\":false},{\"name\":\"DLM - Product Removed\",\"ruleName\":\"Product Removed [AA]\",\"endpoint\":\"/rules/{{Launch_Rule_id}}/rule_components\",\"method\":\"POST\",\"body\":{\"data\":{\"id\":null,\"type\":\"rule_components\",\"attributes\":{\"settings\":\"{\\\"eventType\\\":\\\"Product Removed\\\"}\",\"delegate_descriptor_id\":\"data-layer-manager-search-discovery::events::data-layer-push-event\",\"name\":\"DLM - Product Removed\",\"rule_order\":50,\"order\":10,\"revision\":false,\"id\":1},\"relationships\":{\"extension\":{\"data\":{\"id\":\"\",\"type\":\"extensions\",\"name\":\"{{LAUNCH_EXT_ID_SDI_DATALAYER_MGR}}\"}}}}},\"complete\":false},{\"name\":\"Product Removed [AA]:AA ClearVars\",\"ruleName\":\"Product Removed [AA]\",\"endpoint\":\"/rules/{{Launch_Rule_id}}/rule_components\",\"method\":\"POST\",\"body\":{\"data\":{\"id\":null,\"type\":\"rule_components\",\"attributes\":{\"settings\":\"{}\",\"delegate_descriptor_id\":\"adobe-analytics::actions::clear-variables\",\"name\":\"Product Removed [AA]:AA ClearVars\",\"rule_order\":20,\"order\":20,\"revision\":false,\"id\":2},\"relationships\":{\"extension\":{\"data\":{\"id\":\"\",\"type\":\"extensions\",\"name\":\"{{LAUNCH_EXT_ID_ADOBE_ANALYTICS}}\"}}}}},\"complete\":false},{\"name\":\"Product Removed [AA]:AA SetVars\",\"ruleName\":\"Product Removed [AA]\",\"endpoint\":\"/rules/{{Launch_Rule_id}}/rule_components\",\"method\":\"POST\",\"body\":{\"data\":{\"id\":null,\"type\":\"rule_components\",\"attributes\":{\"settings\":\"{\\\"trackerProperties\\\":{\\\"events\\\":[{\\\"name\\\":\\\"scRemove\\\"}]}}\",\"delegate_descriptor_id\":\"adobe-analytics::actions::set-variables\",\"name\":\"AA Set Vars\",\"rule_order\":30,\"order\":30,\"revision\":false,\"id\":3},\"relationships\":{\"extension\":{\"data\":{\"id\":\"\",\"type\":\"extensions\",\"name\":\"{{LAUNCH_EXT_ID_ADOBE_ANALYTICS}}\"}}}}},\"complete\":false},{\"name\":\"Product Removed [AA]:ProductString:product\",\"ruleName\":\"Product Removed [AA]\",\"endpoint\":\"/rules/{{Launch_Rule_id}}/rule_components\",\"method\":\"POST\",\"body\":{\"data\":{\"id\":null,\"type\":\"rule_components\",\"attributes\":{\"settings\":\"{\\\"dataLayerRoot\\\":\\\"%Data Layer Object%\\\",\\\"productCollectionPath\\\":\\\"%CollectionPath::product%\\\",\\\"productStringCategory\\\":\\\"product\\\",\\\"productStringCategorySelected\\\":true,\\\"productStringCategoryVariableType\\\":\\\"collection-item-static-text\\\",\\\"productStringProductIdPath\\\":\\\"%ItemPath::productInfo.productID%\\\",\\\"productStringProductIdSelected\\\":true,\\\"productStringQuantity\\\":\\\"\\\",\\\"productStringQuantitySelected\\\":false,\\\"productStringQuantityVariableType\\\":\\\"\\\",\\\"productStringUnitPrice\\\":\\\"\\\",\\\"productStringUnitPriceSelected\\\":false,\\\"productStringUnitPriceVariableType\\\":\\\"\\\",\\\"productStringEvars\\\":[{\\\"eVarId\\\":\\\"eVar3\\\",\\\"eVarPath\\\":\\\"%ItemPath::productInfo.sku%\\\"}],\\\"productStringEvents\\\":[{\\\"eventId\\\":\\\"event22\\\",\\\"eventPath\\\":\\\"%ItemPath::quantity%\\\",\\\"isBooleanFlag\\\":false}]}\",\"delegate_descriptor_id\":\"aa-product-string-search-discovery::actions::aa-product-string-set-variables\",\"name\":\"ProductString:product\",\"rule_order\":40,\"order\":40,\"revision\":false,\"id\":4},\"relationships\":{\"extension\":{\"data\":{\"id\":\"\",\"type\":\"extensions\",\"name\":\"{{LAUNCH_EXT_ID_SDI_PRODUCT_STR}}\"}}}}},\"complete\":false},{\"name\":\"Product Removed [AA]:AA Send Beacon\",\"ruleName\":\"Product Removed [AA]\",\"endpoint\":\"/rules/{{Launch_Rule_id}}/rule_components\",\"method\":\"POST\",\"body\":{\"data\":{\"id\":null,\"type\":\"rule_components\",\"attributes\":{\"settings\":\"{\\\"type\\\":\\\"link\\\",\\\"linkType\\\":\\\"o\\\",\\\"linkName\\\":\\\"Product Removed [AA]\\\"}\",\"delegate_descriptor_id\":\"adobe-analytics::actions::send-beacon\",\"name\":\"AA Send Beacon\",\"rule_order\":50,\"order\":50,\"revision\":false,\"id\":5},\"relationships\":{\"extension\":{\"data\":{\"id\":\"\",\"type\":\"extensions\",\"name\":\"{{LAUNCH_EXT_ID_ADOBE_ANALYTICS}}\"}}}}},\"complete\":false},{\"name\":\"DLM - Product Viewed\",\"ruleName\":\"Product Viewed [AA]\",\"endpoint\":\"/rules/{{Launch_Rule_id}}/rule_components\",\"method\":\"POST\",\"body\":{\"data\":{\"id\":null,\"type\":\"rule_components\",\"attributes\":{\"settings\":\"{\\\"eventType\\\":\\\"Product Viewed\\\"}\",\"delegate_descriptor_id\":\"data-layer-manager-search-discovery::events::data-layer-push-event\",\"name\":\"DLM - Product Viewed\",\"rule_order\":50,\"order\":10,\"revision\":false,\"id\":1},\"relationships\":{\"extension\":{\"data\":{\"id\":\"\",\"type\":\"extensions\",\"name\":\"{{LAUNCH_EXT_ID_SDI_DATALAYER_MGR}}\"}}}}},\"complete\":false},{\"name\":\"Product Viewed [AA]:AA ClearVars\",\"ruleName\":\"Product Viewed [AA]\",\"endpoint\":\"/rules/{{Launch_Rule_id}}/rule_components\",\"method\":\"POST\",\"body\":{\"data\":{\"id\":null,\"type\":\"rule_components\",\"attributes\":{\"settings\":\"{}\",\"delegate_descriptor_id\":\"adobe-analytics::actions::clear-variables\",\"name\":\"Product Viewed [AA]:AA ClearVars\",\"rule_order\":20,\"order\":20,\"revision\":false,\"id\":2},\"relationships\":{\"extension\":{\"data\":{\"id\":\"\",\"type\":\"extensions\",\"name\":\"{{LAUNCH_EXT_ID_ADOBE_ANALYTICS}}\"}}}}},\"complete\":false},{\"name\":\"Product Viewed [AA]:AA SetVars\",\"ruleName\":\"Product Viewed [AA]\",\"endpoint\":\"/rules/{{Launch_Rule_id}}/rule_components\",\"method\":\"POST\",\"body\":{\"data\":{\"id\":null,\"type\":\"rule_components\",\"attributes\":{\"settings\":\"{\\\"trackerProperties\\\":{\\\"events\\\":[{\\\"name\\\":\\\"event7\\\"},{\\\"name\\\":\\\"prodView\\\"}]}}\",\"delegate_descriptor_id\":\"adobe-analytics::actions::set-variables\",\"name\":\"AA Set Vars\",\"rule_order\":30,\"order\":30,\"revision\":false,\"id\":3},\"relationships\":{\"extension\":{\"data\":{\"id\":\"\",\"type\":\"extensions\",\"name\":\"{{LAUNCH_EXT_ID_ADOBE_ANALYTICS}}\"}}}}},\"complete\":false},{\"name\":\"Product Viewed [AA]:ProductString:product\",\"ruleName\":\"Product Viewed [AA]\",\"endpoint\":\"/rules/{{Launch_Rule_id}}/rule_components\",\"method\":\"POST\",\"body\":{\"data\":{\"id\":null,\"type\":\"rule_components\",\"attributes\":{\"settings\":\"{\\\"dataLayerRoot\\\":\\\"%Data Layer Object%\\\",\\\"productCollectionPath\\\":\\\"%CollectionPath::product%\\\",\\\"productStringCategory\\\":\\\"product\\\",\\\"productStringCategorySelected\\\":true,\\\"productStringCategoryVariableType\\\":\\\"collection-item-static-text\\\",\\\"productStringProductIdPath\\\":\\\"%ItemPath::productInfo.productID%\\\",\\\"productStringProductIdSelected\\\":true,\\\"productStringQuantity\\\":\\\"\\\",\\\"productStringQuantitySelected\\\":false,\\\"productStringQuantityVariableType\\\":\\\"\\\",\\\"productStringUnitPrice\\\":\\\"\\\",\\\"productStringUnitPriceSelected\\\":false,\\\"productStringUnitPriceVariableType\\\":\\\"\\\",\\\"productStringEvars\\\":[],\\\"productStringEvents\\\":[]}\",\"delegate_descriptor_id\":\"aa-product-string-search-discovery::actions::aa-product-string-set-variables\",\"name\":\"ProductString:product\",\"rule_order\":40,\"order\":40,\"revision\":false,\"id\":4},\"relationships\":{\"extension\":{\"data\":{\"id\":\"\",\"type\":\"extensions\",\"name\":\"{{LAUNCH_EXT_ID_SDI_PRODUCT_STR}}\"}}}}},\"complete\":false},{\"name\":\"Product Viewed [AA]:AA Send Beacon\",\"ruleName\":\"Product Viewed [AA]\",\"endpoint\":\"/rules/{{Launch_Rule_id}}/rule_components\",\"method\":\"POST\",\"body\":{\"data\":{\"id\":null,\"type\":\"rule_components\",\"attributes\":{\"settings\":\"{\\\"type\\\":\\\"link\\\",\\\"linkType\\\":\\\"o\\\",\\\"linkName\\\":\\\"Product Viewed [AA]\\\"}\",\"delegate_descriptor_id\":\"adobe-analytics::actions::send-beacon\",\"name\":\"AA Send Beacon\",\"rule_order\":50,\"order\":50,\"revision\":false,\"id\":5},\"relationships\":{\"extension\":{\"data\":{\"id\":\"\",\"type\":\"extensions\",\"name\":\"{{LAUNCH_EXT_ID_ADOBE_ANALYTICS}}\"}}}}},\"complete\":false},{\"name\":\"DLM - User Registered\",\"ruleName\":\"User Registered [AA]\",\"endpoint\":\"/rules/{{Launch_Rule_id}}/rule_components\",\"method\":\"POST\",\"body\":{\"data\":{\"id\":null,\"type\":\"rule_components\",\"attributes\":{\"settings\":\"{\\\"eventType\\\":\\\"User Registered\\\"}\",\"delegate_descriptor_id\":\"data-layer-manager-search-discovery::events::data-layer-push-event\",\"name\":\"DLM - User Registered\",\"rule_order\":50,\"order\":10,\"revision\":false,\"id\":1},\"relationships\":{\"extension\":{\"data\":{\"id\":\"\",\"type\":\"extensions\",\"name\":\"{{LAUNCH_EXT_ID_SDI_DATALAYER_MGR}}\"}}}}},\"complete\":false},{\"name\":\"User Registered [AA]:AA ClearVars\",\"ruleName\":\"User Registered [AA]\",\"endpoint\":\"/rules/{{Launch_Rule_id}}/rule_components\",\"method\":\"POST\",\"body\":{\"data\":{\"id\":null,\"type\":\"rule_components\",\"attributes\":{\"settings\":\"{}\",\"delegate_descriptor_id\":\"adobe-analytics::actions::clear-variables\",\"name\":\"User Registered [AA]:AA ClearVars\",\"rule_order\":20,\"order\":20,\"revision\":false,\"id\":2},\"relationships\":{\"extension\":{\"data\":{\"id\":\"\",\"type\":\"extensions\",\"name\":\"{{LAUNCH_EXT_ID_ADOBE_ANALYTICS}}\"}}}}},\"complete\":false},{\"name\":\"User Registered [AA]:AA SetVars\",\"ruleName\":\"User Registered [AA]\",\"endpoint\":\"/rules/{{Launch_Rule_id}}/rule_components\",\"method\":\"POST\",\"body\":{\"data\":{\"id\":null,\"type\":\"rule_components\",\"attributes\":{\"settings\":\"{\\\"trackerProperties\\\":{\\\"events\\\":[{\\\"name\\\":\\\"event6\\\"}],\\\"eVars\\\":[{\\\"type\\\":\\\"value\\\",\\\"name\\\":\\\"eVar10\\\",\\\"value\\\":\\\"%user.userType%\\\"},{\\\"type\\\":\\\"value\\\",\\\"name\\\":\\\"eVar11\\\",\\\"value\\\":\\\"%user.custKey%\\\"}]}}\",\"delegate_descriptor_id\":\"adobe-analytics::actions::set-variables\",\"name\":\"AA Set Vars\",\"rule_order\":30,\"order\":30,\"revision\":false,\"id\":3},\"relationships\":{\"extension\":{\"data\":{\"id\":\"\",\"type\":\"extensions\",\"name\":\"{{LAUNCH_EXT_ID_ADOBE_ANALYTICS}}\"}}}}},\"complete\":false},{\"name\":\"User Registered [AA]:AA Send Beacon\",\"ruleName\":\"User Registered [AA]\",\"endpoint\":\"/rules/{{Launch_Rule_id}}/rule_components\",\"method\":\"POST\",\"body\":{\"data\":{\"id\":null,\"type\":\"rule_components\",\"attributes\":{\"settings\":\"{\\\"type\\\":\\\"link\\\",\\\"linkType\\\":\\\"o\\\",\\\"linkName\\\":\\\"User Registered [AA]\\\"}\",\"delegate_descriptor_id\":\"adobe-analytics::actions::send-beacon\",\"name\":\"AA Send Beacon\",\"rule_order\":40,\"order\":40,\"revision\":false,\"id\":4},\"relationships\":{\"extension\":{\"data\":{\"id\":\"\",\"type\":\"extensions\",\"name\":\"{{LAUNCH_EXT_ID_ADOBE_ANALYTICS}}\"}}}}},\"complete\":false},{\"name\":\"DLM - User Signed In\",\"ruleName\":\"User Signed In [AA]\",\"endpoint\":\"/rules/{{Launch_Rule_id}}/rule_components\",\"method\":\"POST\",\"body\":{\"data\":{\"id\":null,\"type\":\"rule_components\",\"attributes\":{\"settings\":\"{\\\"eventType\\\":\\\"User Signed In\\\"}\",\"delegate_descriptor_id\":\"data-layer-manager-search-discovery::events::data-layer-push-event\",\"name\":\"DLM - User Signed In\",\"rule_order\":50,\"order\":10,\"revision\":false,\"id\":1},\"relationships\":{\"extension\":{\"data\":{\"id\":\"\",\"type\":\"extensions\",\"name\":\"{{LAUNCH_EXT_ID_SDI_DATALAYER_MGR}}\"}}}}},\"complete\":false},{\"name\":\"User Signed In [AA]:AA ClearVars\",\"ruleName\":\"User Signed In [AA]\",\"endpoint\":\"/rules/{{Launch_Rule_id}}/rule_components\",\"method\":\"POST\",\"body\":{\"data\":{\"id\":null,\"type\":\"rule_components\",\"attributes\":{\"settings\":\"{}\",\"delegate_descriptor_id\":\"adobe-analytics::actions::clear-variables\",\"name\":\"User Signed In [AA]:AA ClearVars\",\"rule_order\":20,\"order\":20,\"revision\":false,\"id\":2},\"relationships\":{\"extension\":{\"data\":{\"id\":\"\",\"type\":\"extensions\",\"name\":\"{{LAUNCH_EXT_ID_ADOBE_ANALYTICS}}\"}}}}},\"complete\":false},{\"name\":\"User Signed In [AA]:AA SetVars\",\"ruleName\":\"User Signed In [AA]\",\"endpoint\":\"/rules/{{Launch_Rule_id}}/rule_components\",\"method\":\"POST\",\"body\":{\"data\":{\"id\":null,\"type\":\"rule_components\",\"attributes\":{\"settings\":\"{\\\"trackerProperties\\\":{\\\"eVars\\\":[{\\\"type\\\":\\\"value\\\",\\\"name\\\":\\\"eVar10\\\",\\\"value\\\":\\\"%user.userType%\\\"},{\\\"type\\\":\\\"value\\\",\\\"name\\\":\\\"eVar11\\\",\\\"value\\\":\\\"%user.custKey%\\\"}]}}\",\"delegate_descriptor_id\":\"adobe-analytics::actions::set-variables\",\"name\":\"AA Set Vars\",\"rule_order\":30,\"order\":30,\"revision\":false,\"id\":3},\"relationships\":{\"extension\":{\"data\":{\"id\":\"\",\"type\":\"extensions\",\"name\":\"{{LAUNCH_EXT_ID_ADOBE_ANALYTICS}}\"}}}}},\"complete\":false},{\"name\":\"User Signed In [AA]:AA Send Beacon\",\"ruleName\":\"User Signed In [AA]\",\"endpoint\":\"/rules/{{Launch_Rule_id}}/rule_components\",\"method\":\"POST\",\"body\":{\"data\":{\"id\":null,\"type\":\"rule_components\",\"attributes\":{\"settings\":\"{\\\"type\\\":\\\"link\\\",\\\"linkType\\\":\\\"o\\\",\\\"linkName\\\":\\\"User Signed In [AA]\\\"}\",\"delegate_descriptor_id\":\"adobe-analytics::actions::send-beacon\",\"name\":\"AA Send Beacon\",\"rule_order\":40,\"order\":40,\"revision\":false,\"id\":4},\"relationships\":{\"extension\":{\"data\":{\"id\":\"\",\"type\":\"extensions\",\"name\":\"{{LAUNCH_EXT_ID_ADOBE_ANALYTICS}}\"}}}}},\"complete\":false},{\"name\":\"Core - Library Loaded\",\"ruleName\":\"Load & Fire Global [AT]\",\"endpoint\":\"/rules/{{Launch_Rule_id}}/rule_components\",\"method\":\"POST\",\"body\":{\"data\":{\"id\":null,\"type\":\"rule_components\",\"attributes\":{\"settings\":\"{}\",\"delegate_descriptor_id\":\"core::events::library-loaded\",\"name\":\"Core - Library Loaded\",\"rule_order\":10,\"order\":10,\"revision\":false,\"id\":1},\"relationships\":{\"extension\":{\"data\":{\"id\":\"\",\"type\":\"extensions\",\"name\":\"{{LAUNCH_EXT_ID_CORE}}\"}}}}},\"complete\":false},{\"name\":\"Target - Load Library\",\"ruleName\":\"Load & Fire Global [AT]\",\"endpoint\":\"/rules/{{Launch_Rule_id}}/rule_components\",\"method\":\"POST\",\"body\":{\"data\":{\"id\":null,\"type\":\"rule_components\",\"attributes\":{\"settings\":\"{}\",\"delegate_descriptor_id\":\"adobe-target::actions::load-target\",\"name\":\"Target - Load Library\",\"rule_order\":20,\"order\":20,\"revision\":false,\"id\":2},\"relationships\":{\"extension\":{\"data\":{\"id\":\"\",\"type\":\"extensions\",\"name\":\"{{LAUNCH_EXT_ID_ADOBE_TARGET}}\"}}}}},\"complete\":false},{\"name\":\"Target - Fire Global mbox\",\"ruleName\":\"Load & Fire Global [AT]\",\"endpoint\":\"/rules/{{Launch_Rule_id}}/rule_components\",\"method\":\"POST\",\"body\":{\"data\":{\"id\":null,\"type\":\"rule_components\",\"attributes\":{\"settings\":\"{\\\"globalMboxName\\\":\\\"{{TARGET_GLOBAL_MBOX}}\\\",\\\"bodyHiddenStyle\\\":\\\"body {opacity: 0}\\\",\\\"bodyHidingEnabled\\\":true}\",\"delegate_descriptor_id\":\"adobe-target::actions::fire-global-mbox\",\"name\":\"Target - Fire Global mbox\",\"rule_order\":30,\"order\":30,\"revision\":false,\"id\":3},\"relationships\":{\"extension\":{\"data\":{\"id\":\"\",\"type\":\"extensions\",\"name\":\"{{LAUNCH_EXT_ID_ADOBE_TARGET}}\"}}}}},\"complete\":false}]"}}