<?xml version="1.0"?>
<!--
/**
 * Mageplaza
 *
 * NOTICE OF LICENSE
 *
 * This source file is subject to the Mageplaza.com license that is
 * available through the world-wide-web at this URL:
 * https://www.mageplaza.com/LICENSE.txt
 *
 * DISCLAIMER
 *
 * Do not edit or add to this file if you wish to upgrade this extension to newer
 * version in the future.
 *
 * @category    Mageplaza
 * @package     Mageplaza_Shopbybrand
 * @copyright   Copyright (c) Mageplaza (https://www.mageplaza.com/)
 * @license     https://www.mageplaza.com/LICENSE.txt
 */
-->
<config xmlns:xsi="http://www.w3.org/2001/XMLSchema-instance" xsi:noNamespaceSchemaLocation="urn:magento:framework:ObjectManager/etc/config.xsd">
    <preference for="Magento\Sitemap\Model\Sitemap" type="Mageplaza\Shopbybrand\Model\Sitemap"/>
    <preference for="Mageplaza\Shopbybrand\Api\BrandRepositoryInterface" type="Mageplaza\Shopbybrand\Model\BrandRepository" />
    <preference for="Mageplaza\Shopbybrand\Api\Data\BrandInterface" type="Mageplaza\Shopbybrand\Model\Brand" />
    <preference for="Mageplaza\Shopbybrand\Api\Data\BrandCategoryInterface" type="Mageplaza\Shopbybrand\Model\Category" />
    <type name="Magento\Catalog\Model\Layer\FilterList">
        <plugin name="mp_brand_filterlist" type="Mageplaza\Shopbybrand\Plugin\Model\FilterList" sortOrder="100"/>
    </type>
    <type name="Magento\ImportExport\Controller\Adminhtml\Import\Download">
        <plugin name="mp_brand_download_sample" type="Mageplaza\Shopbybrand\Plugin\Controller\ImportDownloadSample" sortOrder="100"/>
    </type>
    <type name="Magento\Catalog\Block\Product\ListProduct">
        <plugin name="mp_brand_product_brand_name" type="Mageplaza\Shopbybrand\Plugin\Block\ListProduct" sortOrder="100"/>
    </type>
    <type name="Magento\CatalogSearch\Block\SearchResult\ListProduct">
        <plugin name="mp_brand_product_brand_name_search_page" type="Mageplaza\Shopbybrand\Plugin\Block\ListProduct" sortOrder="100"/>
    </type>
    <type name="Magento\Eav\Block\Adminhtml\Attribute\Edit\Options\Options">
        <plugin name="mp_brand_backend_attribute_options" type="Mageplaza\Shopbybrand\Plugin\Block\Adminhtml\Attribute\Edit\Options" sortOrder="100"/>
    </type>
    <type name="Magento\Theme\Block\Html\Topmenu">
        <plugin name="brand-topmenu" type="Mageplaza\Shopbybrand\Plugin\Link\TopMenu"/>
    </type>
    <type name="Smartwave\Megamenu\Block\Topmenu">
        <plugin name="brand-topmenu-porto" type="Mageplaza\Shopbybrand\Plugin\Link\TopMenuPorto"/>
    </type>
    <type name="Magento\CatalogSearch\Model\Adapter\Aggregation\Checker\Query\CatalogView">
        <plugin name="is_applicable" type="Mageplaza\Shopbybrand\Plugin\Model\Adapter\CatalogView" sortOrder="100"/>
    </type>
</config>
